"pais_id"	"codigo_pais"	"nombre_pais"	"nombre_pais_resumido"	"gentilicio"	"sin_uso"	"provincia_id"	"codigo_provincia"	"nombre_provincia"	"nombre_provincia_resumido"	"provincia_id_pais"	"departamento_id"	"codigo_departamento"	"nombre_departamento"	"nombre_departamento_resumido"	"departamento_id_provincia"	"secuencia"
721	AE	EMIRATOS ÁRABES UNIDOS	E.ÁRABES UNIDOS	ÁRABE	v.1											
722	AL	ALBANIA	ALBANIA	ALBANÉS	v.1											
723	AM	ARMENIA	ARMENIA	ARMENIO	v.1											
724	AN	ANTILLAS HOLANDESAS	ANTILLAS HOLAND.		v.1											
725	AR	ARGENTINA	ARGENTINA	ARGENTINO	v.1	1	1	BUENOS AIRES	BUENOS AIRES	725	1	1	AZUL	AZUL	1	1
725	AR	ARGENTINA	ARGENTINA	ARGENTINO	v.1	1	1	BUENOS AIRES	BUENOS AIRES	725	2	2	PUAN	PUAN	1	2
725	AR	ARGENTINA	ARGENTINA	ARGENTINO	v.1	1	1	BUENOS AIRES	BUENOS AIRES	725	3	3	LA MATANZA	LA MATANZA	1	3
725	AR	ARGENTINA	ARGENTINA	ARGENTINO	v.1	1	1	BUENOS AIRES	BUENOS AIRES	725	4	4	TIGRE	TIGRE	1	4
725	AR	ARGENTINA	ARGENTINA	ARGENTINO	v.1	1	1	BUENOS AIRES	BUENOS AIRES	725	5	5	"25 DE MAYO"	"25 DE MAYO"	1	5
725	AR	ARGENTINA	ARGENTINA	ARGENTINO	v.1	1	1	BUENOS AIRES	BUENOS AIRES	725	6	6	TRENQUE LAUQUEN	TRENQUE LAUQUEN	1	6
725	AR	ARGENTINA	ARGENTINA	ARGENTINO	v.1	1	1	BUENOS AIRES	BUENOS AIRES	725	7	7	"9 DE JULIO"	"9 DE JULIO"	1	7
725	AR	ARGENTINA	ARGENTINA	ARGENTINO	v.1	1	1	BUENOS AIRES	BUENOS AIRES	725	8	8	LANUS	LANUS	1	8
725	AR	ARGENTINA	ARGENTINA	ARGENTINO	v.1	1	1	BUENOS AIRES	BUENOS AIRES	725	9	9	LA PLATA	LA PLATA	1	9
725	AR	ARGENTINA	ARGENTINA	ARGENTINO	v.1	1	1	BUENOS AIRES	BUENOS AIRES	725	10	10	MONTE	MONTE	1	10
725	AR	ARGENTINA	ARGENTINA	ARGENTINO	v.1	1	1	BUENOS AIRES	BUENOS AIRES	725	11	11	PEHUAJO	PEHUAJO	1	11
725	AR	ARGENTINA	ARGENTINA	ARGENTINO	v.1	1	1	BUENOS AIRES	BUENOS AIRES	725	12	12	SAN ISIDRO	SAN ISIDRO	1	12
725	AR	ARGENTINA	ARGENTINA	ARGENTINO	v.1	1	1	BUENOS AIRES	BUENOS AIRES	725	13	13	PERGAMINO	PERGAMINO	1	13
725	AR	ARGENTINA	ARGENTINA	ARGENTINO	v.1	1	1	BUENOS AIRES	BUENOS AIRES	725	14	14	ALBERTI	ALBERTI	1	14
725	AR	ARGENTINA	ARGENTINA	ARGENTINO	v.1	1	1	BUENOS AIRES	BUENOS AIRES	725	15	15	CHASCOMUS	CHASCOMUS	1	15
725	AR	ARGENTINA	ARGENTINA	ARGENTINO	v.1	1	1	BUENOS AIRES	BUENOS AIRES	725	16	16	ESTEBAN ECHEVERRIA	ESTEBAN ECHEVERRIA	1	16
725	AR	ARGENTINA	ARGENTINA	ARGENTINO	v.1	1	1	BUENOS AIRES	BUENOS AIRES	725	17	17	MERCEDES	MERCEDES	1	17
725	AR	ARGENTINA	ARGENTINA	ARGENTINO	v.1	1	1	BUENOS AIRES	BUENOS AIRES	725	18	18	BAHIA BLANCA	BAHIA BLANCA	1	18
725	AR	ARGENTINA	ARGENTINA	ARGENTINO	v.1	1	1	BUENOS AIRES	BUENOS AIRES	725	19	19	MERLO	MERLO	1	19
725	AR	ARGENTINA	ARGENTINA	ARGENTINO	v.1	1	1	BUENOS AIRES	BUENOS AIRES	725	20	20	JUNIN	JUNIN	1	20
725	AR	ARGENTINA	ARGENTINA	ARGENTINO	v.1	1	1	BUENOS AIRES	BUENOS AIRES	725	21	21	GUAMINI	GUAMINI	1	21
725	AR	ARGENTINA	ARGENTINA	ARGENTINO	v.1	1	1	BUENOS AIRES	BUENOS AIRES	725	22	22	LUJAN	LUJAN	1	22
725	AR	ARGENTINA	ARGENTINA	ARGENTINO	v.1	1	1	BUENOS AIRES	BUENOS AIRES	725	23	23	LEANDRO N.ALEM	LEANDRO N.ALEM	1	23
725	AR	ARGENTINA	ARGENTINA	ARGENTINO	v.1	1	1	BUENOS AIRES	BUENOS AIRES	725	24	24	MATANZA	MATANZA	1	24
725	AR	ARGENTINA	ARGENTINA	ARGENTINO	v.1	1	1	BUENOS AIRES	BUENOS AIRES	725	25	25	GENERAL PAZ	GENERAL PAZ	1	25
725	AR	ARGENTINA	ARGENTINA	ARGENTINO	v.1	1	1	BUENOS AIRES	BUENOS AIRES	725	26	26	SAN VICENTE	SAN VICENTE	1	26
725	AR	ARGENTINA	ARGENTINA	ARGENTINO	v.1	1	1	BUENOS AIRES	BUENOS AIRES	725	27	27	CAÑUELAS	CAÑUELAS	1	27
725	AR	ARGENTINA	ARGENTINA	ARGENTINO	v.1	1	1	BUENOS AIRES	BUENOS AIRES	725	28	28	ALMIRANTE BROWN	ALMIRANTE BROWN	1	28
725	AR	ARGENTINA	ARGENTINA	ARGENTINO	v.1	1	1	BUENOS AIRES	BUENOS AIRES	725	29	29	CNL.DE MARINA  L.ROSALES	CNL.DE MARINA  L.ROS	1	29
725	AR	ARGENTINA	ARGENTINA	ARGENTINO	v.1	1	1	BUENOS AIRES	BUENOS AIRES	725	30	30	BARADERO	BARADERO	1	30
725	AR	ARGENTINA	ARGENTINA	ARGENTINO	v.1	1	1	BUENOS AIRES	BUENOS AIRES	725	31	31	SAAVEDRA	SAAVEDRA	1	31
725	AR	ARGENTINA	ARGENTINA	ARGENTINO	v.1	1	1	BUENOS AIRES	BUENOS AIRES	725	32	32	BRANDSEN	BRANDSEN	1	32
725	AR	ARGENTINA	ARGENTINA	ARGENTINO	v.1	1	1	BUENOS AIRES	BUENOS AIRES	725	33	33	GENERAL SARMIENTO	GENERAL SARMIENTO	1	33
725	AR	ARGENTINA	ARGENTINA	ARGENTINO	v.1	1	1	BUENOS AIRES	BUENOS AIRES	725	34	34	TAPALQUE	TAPALQUE	1	34
725	AR	ARGENTINA	ARGENTINA	ARGENTINO	v.1	1	1	BUENOS AIRES	BUENOS AIRES	725	35	35	SALADILLO	SALADILLO	1	35
725	AR	ARGENTINA	ARGENTINA	ARGENTINO	v.1	1	1	BUENOS AIRES	BUENOS AIRES	725	36	36	MAGDALENA	MAGDALENA	1	36
725	AR	ARGENTINA	ARGENTINA	ARGENTINO	v.1	1	1	BUENOS AIRES	BUENOS AIRES	725	37	37	GONZALES CHAVES	GONZALES CHAVES	1	37
725	AR	ARGENTINA	ARGENTINA	ARGENTINO	v.1	1	1	BUENOS AIRES	BUENOS AIRES	725	38	38	GENERAL PINTO	GENERAL PINTO	1	38
725	AR	ARGENTINA	ARGENTINA	ARGENTINO	v.1	1	1	BUENOS AIRES	BUENOS AIRES	725	39	39	NAVARRO	NAVARRO	1	39
725	AR	ARGENTINA	ARGENTINA	ARGENTINO	v.1	1	1	BUENOS AIRES	BUENOS AIRES	725	40	40	DAIREAUX	DAIREAUX	1	40
725	AR	ARGENTINA	ARGENTINA	ARGENTINO	v.1	1	1	BUENOS AIRES	BUENOS AIRES	725	41	41	LOBOS	LOBOS	1	41
725	AR	ARGENTINA	ARGENTINA	ARGENTINO	v.1	1	1	BUENOS AIRES	BUENOS AIRES	725	42	42	CORONEL DORREGO	CORONEL DORREGO	1	42
725	AR	ARGENTINA	ARGENTINA	ARGENTINO	v.1	1	1	BUENOS AIRES	BUENOS AIRES	725	43	43	ADOLFO ALSINA	ADOLFO ALSINA	1	43
725	AR	ARGENTINA	ARGENTINA	ARGENTINO	v.1	1	1	BUENOS AIRES	BUENOS AIRES	725	44	44	COLON	COLON	1	44
725	AR	ARGENTINA	ARGENTINA	ARGENTINO	v.1	1	1	BUENOS AIRES	BUENOS AIRES	725	45	45	GENERAL ARENALES	GENERAL ARENALES	1	45
725	AR	ARGENTINA	ARGENTINA	ARGENTINO	v.1	1	1	BUENOS AIRES	BUENOS AIRES	725	46	46	LINCOLN	LINCOLN	1	46
725	AR	ARGENTINA	ARGENTINA	ARGENTINO	v.1	1	1	BUENOS AIRES	BUENOS AIRES	725	47	47	VILLARINO	VILLARINO	1	47
725	AR	ARGENTINA	ARGENTINA	ARGENTINO	v.1	1	1	BUENOS AIRES	BUENOS AIRES	725	48	48	VICENTE LOPEZ	VICENTE LOPEZ	1	48
725	AR	ARGENTINA	ARGENTINA	ARGENTINO	v.1	1	1	BUENOS AIRES	BUENOS AIRES	725	49	49	BARTOLOME MITRE	BARTOLOME MITRE	1	49
725	AR	ARGENTINA	ARGENTINA	ARGENTINO	v.1	1	1	BUENOS AIRES	BUENOS AIRES	725	50	50	EXALTACION DE LA CRUZ	EXALTACION DE LA CRU	1	50
725	AR	ARGENTINA	ARGENTINA	ARGENTINO	v.1	1	1	BUENOS AIRES	BUENOS AIRES	725	51	51	SALTO	SALTO	1	51
725	AR	ARGENTINA	ARGENTINA	ARGENTINO	v.1	1	1	BUENOS AIRES	BUENOS AIRES	725	52	52	BRAGADO	BRAGADO	1	52
725	AR	ARGENTINA	ARGENTINA	ARGENTINO	v.1	1	1	BUENOS AIRES	BUENOS AIRES	725	53	53	ZARATE	ZARATE	1	53
725	AR	ARGENTINA	ARGENTINA	ARGENTINO	v.1	1	1	BUENOS AIRES	BUENOS AIRES	725	54	54	AVELLANEDA	AVELLANEDA	1	54
725	AR	ARGENTINA	ARGENTINA	ARGENTINO	v.1	1	1	BUENOS AIRES	BUENOS AIRES	725	55	55	AYACUCHO	AYACUCHO	1	55
725	AR	ARGENTINA	ARGENTINA	ARGENTINO	v.1	1	1	BUENOS AIRES	BUENOS AIRES	725	56	56	SAN ANDRES DE GILES	SAN ANDRES DE GILES	1	56
725	AR	ARGENTINA	ARGENTINA	ARGENTINO	v.1	1	1	BUENOS AIRES	BUENOS AIRES	725	57	57	TANDIL	TANDIL	1	57
725	AR	ARGENTINA	ARGENTINA	ARGENTINO	v.1	1	1	BUENOS AIRES	BUENOS AIRES	725	58	58	RIVADAVIA	RIVADAVIA	1	58
725	AR	ARGENTINA	ARGENTINA	ARGENTINO	v.1	1	1	BUENOS AIRES	BUENOS AIRES	725	59	59	PATAGONES	PATAGONES	1	59
725	AR	ARGENTINA	ARGENTINA	ARGENTINO	v.1	1	1	BUENOS AIRES	BUENOS AIRES	725	60	60	GRL.VIAMONTE	GRL.VIAMONTE	1	60
725	AR	ARGENTINA	ARGENTINA	ARGENTINO	v.1	1	1	BUENOS AIRES	BUENOS AIRES	725	61	61	CNL.DE MARINA LEONARDO ROSALES	CNL.DE MARINA LEONAR	1	61
725	AR	ARGENTINA	ARGENTINA	ARGENTINO	v.1	1	1	BUENOS AIRES	BUENOS AIRES	725	62	62	BALCARCE	BALCARCE	1	62
725	AR	ARGENTINA	ARGENTINA	ARGENTINO	v.1	1	1	BUENOS AIRES	BUENOS AIRES	725	63	63	TRES ARROYOS	TRES ARROYOS	1	63
725	AR	ARGENTINA	ARGENTINA	ARGENTINO	v.1	1	1	BUENOS AIRES	BUENOS AIRES	725	64	64	GENERAL VILLEGAS	GENERAL VILLEGAS	1	64
725	AR	ARGENTINA	ARGENTINA	ARGENTINO	v.1	1	1	BUENOS AIRES	BUENOS AIRES	725	65	65	LOMAS DE ZAMORA	LOMAS DE ZAMORA	1	65
725	AR	ARGENTINA	ARGENTINA	ARGENTINO	v.1	1	1	BUENOS AIRES	BUENOS AIRES	725	66	66	BERISSO	BERISSO	1	66
725	AR	ARGENTINA	ARGENTINA	ARGENTINO	v.1	1	1	BUENOS AIRES	BUENOS AIRES	725	67	67	JUAREZ	JUAREZ	1	67
725	AR	ARGENTINA	ARGENTINA	ARGENTINO	v.1	1	1	BUENOS AIRES	BUENOS AIRES	725	68	68	GRL.PUEYRREDON	GRL.PUEYRREDON	1	68
725	AR	ARGENTINA	ARGENTINA	ARGENTINO	v.1	1	1	BUENOS AIRES	BUENOS AIRES	725	69	69	CORONEL SUAREZ	CORONEL SUAREZ	1	69
725	AR	ARGENTINA	ARGENTINA	ARGENTINO	v.1	1	1	BUENOS AIRES	BUENOS AIRES	725	70	70	ESCOBAR	ESCOBAR	1	70
725	AR	ARGENTINA	ARGENTINA	ARGENTINO	v.1	1	1	BUENOS AIRES	BUENOS AIRES	725	71	71	CARLOS CASARES	CARLOS CASARES	1	71
725	AR	ARGENTINA	ARGENTINA	ARGENTINO	v.1	1	1	BUENOS AIRES	BUENOS AIRES	725	72	72	CHIVILCOY	CHIVILCOY	1	72
725	AR	ARGENTINA	ARGENTINA	ARGENTINO	v.1	1	1	BUENOS AIRES	BUENOS AIRES	725	73	73	BERAZATEGUI	BERAZATEGUI	1	73
725	AR	ARGENTINA	ARGENTINA	ARGENTINO	v.1	1	1	BUENOS AIRES	BUENOS AIRES	725	74	74	QUILMES	QUILMES	1	74
725	AR	ARGENTINA	ARGENTINA	ARGENTINO	v.1	1	1	BUENOS AIRES	BUENOS AIRES	725	75	75	TORQUINST	TORQUINST	1	75
725	AR	ARGENTINA	ARGENTINA	ARGENTINO	v.1	1	1	BUENOS AIRES	BUENOS AIRES	725	76	76	"3 DE FEBRERO"	"3 DE FEBRERO"	1	76
725	AR	ARGENTINA	ARGENTINA	ARGENTINO	v.1	1	1	BUENOS AIRES	BUENOS AIRES	725	77	77	OLAVARRIA	OLAVARRIA	1	77
725	AR	ARGENTINA	ARGENTINA	ARGENTINO	v.1	1	1	BUENOS AIRES	BUENOS AIRES	725	78	78	PELLEGRINI	PELLEGRINI	1	78
725	AR	ARGENTINA	ARGENTINA	ARGENTINO	v.1	1	1	BUENOS AIRES	BUENOS AIRES	725	79	79	GENERAL BELGANO	GENERAL BELGANO	1	79
725	AR	ARGENTINA	ARGENTINA	ARGENTINO	v.1	1	1	BUENOS AIRES	BUENOS AIRES	725	80	80	FLORENCIO VARELA	FLORENCIO VARELA	1	80
725	AR	ARGENTINA	ARGENTINA	ARGENTINO	v.1	1	1	BUENOS AIRES	BUENOS AIRES	725	81	81	SALLIQUELO	SALLIQUELO	1	81
725	AR	ARGENTINA	ARGENTINA	ARGENTINO	v.1	1	1	BUENOS AIRES	BUENOS AIRES	725	82	82	CNL.DE MARINA L.ROSALES	CNL.DE MARINA L.ROSA	1	82
725	AR	ARGENTINA	ARGENTINA	ARGENTINO	v.1	1	1	BUENOS AIRES	BUENOS AIRES	725	83	83	MAR CHIQUITA	MAR CHIQUITA	1	83
725	AR	ARGENTINA	ARGENTINA	ARGENTINO	v.1	1	1	BUENOS AIRES	BUENOS AIRES	725	84	84	GENERAL PUEYRREDON	GENERAL PUEYRREDON	1	84
725	AR	ARGENTINA	ARGENTINA	ARGENTINO	v.1	1	1	BUENOS AIRES	BUENOS AIRES	725	85	85	CAMPANA	CAMPANA	1	85
725	AR	ARGENTINA	ARGENTINA	ARGENTINO	v.1	1	1	BUENOS AIRES	BUENOS AIRES	725	86	86	GRL.SARMIENTO	GRL.SARMIENTO	1	86
725	AR	ARGENTINA	ARGENTINA	ARGENTINO	v.1	1	1	BUENOS AIRES	BUENOS AIRES	725	87	87	ROJAS	ROJAS	1	87
725	AR	ARGENTINA	ARGENTINA	ARGENTINO	v.1	1	1	BUENOS AIRES	BUENOS AIRES	725	88	88	SARMIENTO	SARMIENTO	1	88
725	AR	ARGENTINA	ARGENTINA	ARGENTINO	v.1	1	1	BUENOS AIRES	BUENOS AIRES	725	89	89	CARMEN DE ARECO	CARMEN DE ARECO	1	89
725	AR	ARGENTINA	ARGENTINA	ARGENTINO	v.1	1	1	BUENOS AIRES	BUENOS AIRES	725	90	90	PILA	PILA	1	90
725	AR	ARGENTINA	ARGENTINA	ARGENTINO	v.1	1	1	BUENOS AIRES	BUENOS AIRES	725	91	91	TRES DE FEBRERO	TRES DE FEBRERO	1	91
725	AR	ARGENTINA	ARGENTINA	ARGENTINO	v.1	1	1	BUENOS AIRES	BUENOS AIRES	725	92	92	MORON	MORON	1	92
725	AR	ARGENTINA	ARGENTINA	ARGENTINO	v.1	1	1	BUENOS AIRES	BUENOS AIRES	725	93	93	CASTELLI	CASTELLI	1	93
725	AR	ARGENTINA	ARGENTINA	ARGENTINO	v.1	1	1	BUENOS AIRES	BUENOS AIRES	725	94	94	CHACABUCO	CHACABUCO	1	94
725	AR	ARGENTINA	ARGENTINA	ARGENTINO	v.1	1	1	BUENOS AIRES	BUENOS AIRES	725	95	95	GENERAL VIAMONTE	GENERAL VIAMONTE	1	95
725	AR	ARGENTINA	ARGENTINA	ARGENTINO	v.1	1	1	BUENOS AIRES	BUENOS AIRES	725	96	96	RAUCH	RAUCH	1	96
725	AR	ARGENTINA	ARGENTINA	ARGENTINO	v.1	1	1	BUENOS AIRES	BUENOS AIRES	725	97	97	GENERAL BELGRANO	GENERAL BELGRANO	1	97
725	AR	ARGENTINA	ARGENTINA	ARGENTINO	v.1	1	1	BUENOS AIRES	BUENOS AIRES	725	98	98	TORNQUIST	TORNQUIST	1	98
725	AR	ARGENTINA	ARGENTINA	ARGENTINO	v.1	1	1	BUENOS AIRES	BUENOS AIRES	725	99	99	NECOCHEA	NECOCHEA	1	99
725	AR	ARGENTINA	ARGENTINA	ARGENTINO	v.1	1	1	BUENOS AIRES	BUENOS AIRES	725	100	100	MARCOS PAZ	MARCOS PAZ	1	100
725	AR	ARGENTINA	ARGENTINA	ARGENTINO	v.1	1	1	BUENOS AIRES	BUENOS AIRES	725	101	101	CARLOS TEJEDOR	CARLOS TEJEDOR	1	101
725	AR	ARGENTINA	ARGENTINA	ARGENTINO	v.1	1	1	BUENOS AIRES	BUENOS AIRES	725	102	102	SAN PEDRO	SAN PEDRO	1	102
725	AR	ARGENTINA	ARGENTINA	ARGENTINO	v.1	1	1	BUENOS AIRES	BUENOS AIRES	725	103	103	GENERAL ALVARADO	GENERAL ALVARADO	1	103
725	AR	ARGENTINA	ARGENTINA	ARGENTINO	v.1	1	1	BUENOS AIRES	BUENOS AIRES	725	104	104	SAN NICOLAS	SAN NICOLAS	1	104
725	AR	ARGENTINA	ARGENTINA	ARGENTINO	v.1	1	1	BUENOS AIRES	BUENOS AIRES	725	105	105	HIPOLITO YRIGOYEN	HIPOLITO YRIGOYEN	1	105
725	AR	ARGENTINA	ARGENTINA	ARGENTINO	v.1	1	1	BUENOS AIRES	BUENOS AIRES	725	106	106	LAS FLORES	LAS FLORES	1	106
725	AR	ARGENTINA	ARGENTINA	ARGENTINO	v.1	1	1	BUENOS AIRES	BUENOS AIRES	725	107	107	CORONEL PRINGLES	CORONEL PRINGLES	1	107
725	AR	ARGENTINA	ARGENTINA	ARGENTINO	v.1	1	1	BUENOS AIRES	BUENOS AIRES	725	108	108	GENERAL SAN MARTIN	GENERAL SAN MARTIN	1	108
725	AR	ARGENTINA	ARGENTINA	ARGENTINO	v.1	1	1	BUENOS AIRES	BUENOS AIRES	725	109	109	BENITO JUAREZ	BENITO JUAREZ	1	109
725	AR	ARGENTINA	ARGENTINA	ARGENTINO	v.1	1	1	BUENOS AIRES	BUENOS AIRES	725	110	110	SAN CAYETANO	SAN CAYETANO	1	110
725	AR	ARGENTINA	ARGENTINA	ARGENTINO	v.1	1	1	BUENOS AIRES	BUENOS AIRES	725	111	111	ADOLFO GONZALES CHAVES	ADOLFO GONZALES CHAV	1	111
725	AR	ARGENTINA	ARGENTINA	ARGENTINO	v.1	1	1	BUENOS AIRES	BUENOS AIRES	725	112	112	DOLORES	DOLORES	1	112
725	AR	ARGENTINA	ARGENTINA	ARGENTINO	v.1	1	1	BUENOS AIRES	BUENOS AIRES	725	113	113	SAN ANTONIO	SAN ANTONIO	1	113
725	AR	ARGENTINA	ARGENTINA	ARGENTINO	v.1	1	1	BUENOS AIRES	BUENOS AIRES	725	114	114	LOBERIA	LOBERIA	1	114
725	AR	ARGENTINA	ARGENTINA	ARGENTINO	v.1	1	1	BUENOS AIRES	BUENOS AIRES	725	115	115	RAMALLO	RAMALLO	1	115
725	AR	ARGENTINA	ARGENTINA	ARGENTINO	v.1	1	1	BUENOS AIRES	BUENOS AIRES	725	116	116	GENERAL ALVEAR	GENERAL ALVEAR	1	116
725	AR	ARGENTINA	ARGENTINA	ARGENTINO	v.1	1	1	BUENOS AIRES	BUENOS AIRES	725	117	117	ENSENADA	ENSENADA	1	117
725	AR	ARGENTINA	ARGENTINA	ARGENTINO	v.1	1	1	BUENOS AIRES	BUENOS AIRES	725	118	118	TORDILLO	TORDILLO	1	118
725	AR	ARGENTINA	ARGENTINA	ARGENTINO	v.1	1	1	BUENOS AIRES	BUENOS AIRES	725	119	119	GENERAL GUIDO	GENERAL GUIDO	1	119
725	AR	ARGENTINA	ARGENTINA	ARGENTINO	v.1	1	1	BUENOS AIRES	BUENOS AIRES	725	120	120	GENERAL LAS HERAS	GENERAL LAS HERAS	1	120
725	AR	ARGENTINA	ARGENTINA	ARGENTINO	v.1	1	1	BUENOS AIRES	BUENOS AIRES	725	121	121	GENERAL JUAN MADARIAGA	GENERAL JUAN MADARIA	1	121
725	AR	ARGENTINA	ARGENTINA	ARGENTINO	v.1	1	1	BUENOS AIRES	BUENOS AIRES	725	122	122	GENERAL LA MADRID	GENERAL LA MADRID	1	122
725	AR	ARGENTINA	ARGENTINA	ARGENTINO	v.1	1	1	BUENOS AIRES	BUENOS AIRES	725	123	123	GENERAL LAVALLE	GENERAL LAVALLE	1	123
725	AR	ARGENTINA	ARGENTINA	ARGENTINO	v.1	1	1	BUENOS AIRES	BUENOS AIRES	725	124	124	GENERAL RODRIGUEZ	GENERAL RODRIGUEZ	1	124
725	AR	ARGENTINA	ARGENTINA	ARGENTINO	v.1	1	1	BUENOS AIRES	BUENOS AIRES	725	125	125	GENERAL VLLEGAS	GENERAL VLLEGAS	1	125
725	AR	ARGENTINA	ARGENTINA	ARGENTINO	v.1	1	1	BUENOS AIRES	BUENOS AIRES	725	126	126	ADOLFO GONZALEZ CHAVES	ADOLFO GONZALEZ CHAV	1	126
725	AR	ARGENTINA	ARGENTINA	ARGENTINO	v.1	1	1	BUENOS AIRES	BUENOS AIRES	725	127	127	CORONEL DE MARINA L.ROSALES	CORONEL DE MARINA L.	1	127
725	AR	ARGENTINA	ARGENTINA	ARGENTINO	v.1	1	1	BUENOS AIRES	BUENOS AIRES	725	128	128	BOLIVAR	BOLIVAR	1	128
725	AR	ARGENTINA	ARGENTINA	ARGENTINO	v.1	1	1	BUENOS AIRES	BUENOS AIRES	725	129	129	SAN FERNANDO	SAN FERNANDO	1	129
725	AR	ARGENTINA	ARGENTINA	ARGENTINO	v.1	1	1	BUENOS AIRES	BUENOS AIRES	725	130	130	CAPITAN SARMIENTO	CAPITAN SARMIENTO	1	130
725	AR	ARGENTINA	ARGENTINA	ARGENTINO	v.1	1	1	BUENOS AIRES	BUENOS AIRES	725	131	131	ROQUE PEREZ	ROQUE PEREZ	1	131
725	AR	ARGENTINA	ARGENTINA	ARGENTINO	v.1	1	1	BUENOS AIRES	BUENOS AIRES	725	132	132	MORENO	MORENO	1	132
725	AR	ARGENTINA	ARGENTINA	ARGENTINO	v.1	1	1	BUENOS AIRES	BUENOS AIRES	725	133	133	LAPRIDA	LAPRIDA	1	133
725	AR	ARGENTINA	ARGENTINA	ARGENTINO	v.1	1	1	BUENOS AIRES	BUENOS AIRES	725	134	134	MAIPU	MAIPU	1	134
725	AR	ARGENTINA	ARGENTINA	ARGENTINO	v.1	1	1	BUENOS AIRES	BUENOS AIRES	725	135	135	ECHEVERRIA	ECHEVERRIA	1	135
725	AR	ARGENTINA	ARGENTINA	ARGENTINO	v.1	1	1	BUENOS AIRES	BUENOS AIRES	725	136	136	PILAR	PILAR	1	136
725	AR	ARGENTINA	ARGENTINA	ARGENTINO	v.1	1	1	BUENOS AIRES	BUENOS AIRES	725	137	137	CORONEL DE MARINA L. ROSALES	CORONEL DE MARINA L.	1	137
725	AR	ARGENTINA	ARGENTINA	ARGENTINO	v.1	1	1	BUENOS AIRES	BUENOS AIRES	725	138	138	SUIPACHA	SUIPACHA	1	138
725	AR	ARGENTINA	ARGENTINA	ARGENTINO	v.1	1	1	BUENOS AIRES	BUENOS AIRES	725	139	139	SAN ANTONIO DE ARECO	SAN ANTONIO DE ARECO	1	139
725	AR	ARGENTINA	ARGENTINA	ARGENTINO	v.1	1	1	BUENOS AIRES	BUENOS AIRES	725	140	140	BARAZATEGUI	BARAZATEGUI	1	140
725	AR	ARGENTINA	ARGENTINA	ARGENTINO	v.1	1	1	BUENOS AIRES	BUENOS AIRES	725	141	141	ALSINA	ALSINA	1	141
725	AR	ARGENTINA	ARGENTINA	ARGENTINO	v.1	1	1	BUENOS AIRES	BUENOS AIRES	725	142	142	LEANDRO N. ELEM	LEANDRO N. ELEM	1	142
725	AR	ARGENTINA	ARGENTINA	ARGENTINO	v.1	1	1	BUENOS AIRES	BUENOS AIRES	725	143	143	GRL.SAN MARTIN	GRL.SAN MARTIN	1	143
725	AR	ARGENTINA	ARGENTINA	ARGENTINO	v.1	1	1	BUENOS AIRES	BUENOS AIRES	725	144	144	CORONEL	CORONEL	1	144
725	AR	ARGENTINA	ARGENTINA	ARGENTINO	v.1	1	1	BUENOS AIRES	BUENOS AIRES	725	575	575	ITUZAINGÓ	ITUZAINGÓ	1	575
725	AR	ARGENTINA	ARGENTINA	ARGENTINO	v.1	1	1	BUENOS AIRES	BUENOS AIRES	725	1063866	0	CAPITAL FEDERAL	CAPITAL FEDERAL	1	236
725	AR	ARGENTINA	ARGENTINA	ARGENTINO	v.1	2	2	CATAMARCA	CATAMARCA	725	145	145	CAPAYAN	CAPAYAN	2	145
725	AR	ARGENTINA	ARGENTINA	ARGENTINO	v.1	2	2	CATAMARCA	CATAMARCA	725	146	146	ANDALGALA	ANDALGALA	2	146
725	AR	ARGENTINA	ARGENTINA	ARGENTINO	v.1	2	2	CATAMARCA	CATAMARCA	725	147	147	EL ALTO	EL ALTO	2	147
725	AR	ARGENTINA	ARGENTINA	ARGENTINO	v.1	2	2	CATAMARCA	CATAMARCA	725	148	148	SANTA ROSA	SANTA ROSA	2	148
725	AR	ARGENTINA	ARGENTINA	ARGENTINO	v.1	2	2	CATAMARCA	CATAMARCA	725	149	149	ANCASTI	ANCASTI	2	149
725	AR	ARGENTINA	ARGENTINA	ARGENTINO	v.1	2	2	CATAMARCA	CATAMARCA	725	150	150	PACLIN	PACLIN	2	150
725	AR	ARGENTINA	ARGENTINA	ARGENTINO	v.1	2	2	CATAMARCA	CATAMARCA	725	151	151	SANTA MARIA	SANTA MARIA	2	151
725	AR	ARGENTINA	ARGENTINA	ARGENTINO	v.1	2	2	CATAMARCA	CATAMARCA	725	152	152	TINOGASTA	TINOGASTA	2	152
725	AR	ARGENTINA	ARGENTINA	ARGENTINO	v.1	2	2	CATAMARCA	CATAMARCA	725	153	153	LA PAZ	LA PAZ	2	153
725	AR	ARGENTINA	ARGENTINA	ARGENTINO	v.1	2	2	CATAMARCA	CATAMARCA	725	154	154	VALLE VIEJO	VALLE VIEJO	2	154
725	AR	ARGENTINA	ARGENTINA	ARGENTINO	v.1	2	2	CATAMARCA	CATAMARCA	725	155	155	ANTOFAGASTA DE LA SIERRA	ANTOFAGASTA DE LA SI	2	155
725	AR	ARGENTINA	ARGENTINA	ARGENTINO	v.1	2	2	CATAMARCA	CATAMARCA	725	156	156	BELEN	BELEN	2	156
725	AR	ARGENTINA	ARGENTINA	ARGENTINO	v.1	2	2	CATAMARCA	CATAMARCA	725	157	157	CAPITAL	CAPITAL	2	157
725	AR	ARGENTINA	ARGENTINA	ARGENTINO	v.1	2	2	CATAMARCA	CATAMARCA	725	158	158	FRAY MAMERTO ESQUIU	FRAY MAMERTO ESQUIU	2	158
725	AR	ARGENTINA	ARGENTINA	ARGENTINO	v.1	2	2	CATAMARCA	CATAMARCA	725	159	159	POMAN	POMAN	2	159
725	AR	ARGENTINA	ARGENTINA	ARGENTINO	v.1	2	2	CATAMARCA	CATAMARCA	725	160	160	AMBATO	AMBATO	2	160
725	AR	ARGENTINA	ARGENTINA	ARGENTINO	v.1	3	3	CHACO	CHACO	725	161	161	INDEPENDENCIA	INDEPENDENCIA	3	161
725	AR	ARGENTINA	ARGENTINA	ARGENTINO	v.1	3	3	CHACO	CHACO	725	162	162	SAN FERNANDO	SAN FERNANDO	3	162
725	AR	ARGENTINA	ARGENTINA	ARGENTINO	v.1	3	3	CHACO	CHACO	725	163	163	PRIMERO DE MAYO	PRIMERO DE MAYO	3	163
725	AR	ARGENTINA	ARGENTINA	ARGENTINO	v.1	3	3	CHACO	CHACO	725	164	164	FRAY JUSTO SANTA MARIA DE ORO	FRAY JUSTO SANTA MAR	3	164
725	AR	ARGENTINA	ARGENTINA	ARGENTINO	v.1	3	3	CHACO	CHACO	725	165	165	SARGENTO CABRAL	SARGENTO CABRAL	3	165
725	AR	ARGENTINA	ARGENTINA	ARGENTINO	v.1	3	3	CHACO	CHACO	725	166	166	GENERAL GUEMES	GENERAL GUEMES	3	166
725	AR	ARGENTINA	ARGENTINA	ARGENTINO	v.1	3	3	CHACO	CHACO	725	167	167	TAPENAGA	TAPENAGA	3	167
725	AR	ARGENTINA	ARGENTINA	ARGENTINO	v.1	3	3	CHACO	CHACO	725	168	168	CHACABUCO	CHACABUCO	3	168
725	AR	ARGENTINA	ARGENTINA	ARGENTINO	v.1	3	3	CHACO	CHACO	725	169	169	LIBERTADOR GRL.SAN MARTIN	LIBERTADOR GRL.SAN M	3	169
725	AR	ARGENTINA	ARGENTINA	ARGENTINO	v.1	3	3	CHACO	CHACO	725	170	170	"25 DE MAYO"	"25 DE MAYO"	3	170
725	AR	ARGENTINA	ARGENTINA	ARGENTINO	v.1	3	3	CHACO	CHACO	725	171	171	"12 DE OCTUBRE"	"12 DE OCTUBRE"	3	171
725	AR	ARGENTINA	ARGENTINA	ARGENTINO	v.1	3	3	CHACO	CHACO	725	172	172	COMANDANTE FERNANDEZ	COMANDANTE FERNANDEZ	3	172
725	AR	ARGENTINA	ARGENTINA	ARGENTINO	v.1	3	3	CHACO	CHACO	725	173	173	QUITILIPI	QUITILIPI	3	173
725	AR	ARGENTINA	ARGENTINA	ARGENTINO	v.1	3	3	CHACO	CHACO	725	174	174	MAYOR LUIS J.FONTANA	MAYOR LUIS J.FONTANA	3	174
725	AR	ARGENTINA	ARGENTINA	ARGENTINO	v.1	3	3	CHACO	CHACO	725	175	175	LIBERTAD	LIBERTAD	3	175
725	AR	ARGENTINA	ARGENTINA	ARGENTINO	v.1	3	3	CHACO	CHACO	725	176	176	BERMEJO	BERMEJO	3	176
725	AR	ARGENTINA	ARGENTINA	ARGENTINO	v.1	3	3	CHACO	CHACO	725	177	177	ALMIRANTE BROWN	ALMIRANTE BROWN	3	177
725	AR	ARGENTINA	ARGENTINA	ARGENTINO	v.1	3	3	CHACO	CHACO	725	178	178	MEYOR LUIS J.FONTANA	MEYOR LUIS J.FONTANA	3	178
725	AR	ARGENTINA	ARGENTINA	ARGENTINO	v.1	3	3	CHACO	CHACO	725	179	179	GENERAL BELGRANO	GENERAL BELGRANO	3	179
725	AR	ARGENTINA	ARGENTINA	ARGENTINO	v.1	3	3	CHACO	CHACO	725	180	180	LIBERTADOR GRL. SAN MARTIN	LIBERTADOR GRL. SAN 	3	180
725	AR	ARGENTINA	ARGENTINA	ARGENTINO	v.1	3	3	CHACO	CHACO	725	181	181	GENERAL DONOVAN	GENERAL DONOVAN	3	181
725	AR	ARGENTINA	ARGENTINA	ARGENTINO	v.1	3	3	CHACO	CHACO	725	182	182	SAN LORENZO	SAN LORENZO	3	182
725	AR	ARGENTINA	ARGENTINA	ARGENTINO	v.1	3	3	CHACO	CHACO	725	183	183	LEBERTADOR GRL.SAN MARTIN	LEBERTADOR GRL.SAN M	3	183
725	AR	ARGENTINA	ARGENTINA	ARGENTINO	v.1	3	3	CHACO	CHACO	725	184	184	MAIPU	MAIPU	3	184
725	AR	ARGENTINA	ARGENTINA	ARGENTINO	v.1	3	3	CHACO	CHACO	725	185	185	O´HIGGINS	O´HIGGINS	3	185
725	AR	ARGENTINA	ARGENTINA	ARGENTINO	v.1	3	3	CHACO	CHACO	725	186	186	"9 DE JULIO"	"9 DE JULIO"	3	186
725	AR	ARGENTINA	ARGENTINA	ARGENTINO	v.1	3	3	CHACO	CHACO	725	187	187	LIBERTADOR SAN MARTIN	LIBERTADOR SAN MARTI	3	187
725	AR	ARGENTINA	ARGENTINA	ARGENTINO	v.1	4	4	CHUBUT	CHUBUT	725	188	188	RIO SENGUERR	RIO SENGUERR	4	188
725	AR	ARGENTINA	ARGENTINA	ARGENTINO	v.1	4	4	CHUBUT	CHUBUT	725	189	189	MARTIRES	MARTIRES	4	189
725	AR	ARGENTINA	ARGENTINA	ARGENTINO	v.1	4	4	CHUBUT	CHUBUT	725	190	190	ESCALANTE	ESCALANTE	4	190
725	AR	ARGENTINA	ARGENTINA	ARGENTINO	v.1	4	4	CHUBUT	CHUBUT	725	191	191	GAIMAN	GAIMAN	4	191
725	AR	ARGENTINA	ARGENTINA	ARGENTINO	v.1	4	4	CHUBUT	CHUBUT	725	192	192	SARMIENTO	SARMIENTO	4	192
725	AR	ARGENTINA	ARGENTINA	ARGENTINO	v.1	4	4	CHUBUT	CHUBUT	725	193	193	CUSHAMEN	CUSHAMEN	4	193
725	AR	ARGENTINA	ARGENTINA	ARGENTINO	v.1	4	4	CHUBUT	CHUBUT	725	194	194	FLORENTINO AMEGHINO	FLORENTINO AMEGHINO	4	194
725	AR	ARGENTINA	ARGENTINA	ARGENTINO	v.1	4	4	CHUBUT	CHUBUT	725	195	195	PASO DE INDIOS	PASO DE INDIOS	4	195
725	AR	ARGENTINA	ARGENTINA	ARGENTINO	v.1	4	4	CHUBUT	CHUBUT	725	196	196	TELSEN	TELSEN	4	196
725	AR	ARGENTINA	ARGENTINA	ARGENTINO	v.1	4	4	CHUBUT	CHUBUT	725	197	197	LANGUIÑEO	LANGUIÑEO	4	197
725	AR	ARGENTINA	ARGENTINA	ARGENTINO	v.1	4	4	CHUBUT	CHUBUT	725	198	198	GASTRE	GASTRE	4	198
725	AR	ARGENTINA	ARGENTINA	ARGENTINO	v.1	4	4	CHUBUT	CHUBUT	725	199	199	FUTALEUFU	FUTALEUFU	4	199
725	AR	ARGENTINA	ARGENTINA	ARGENTINO	v.1	4	4	CHUBUT	CHUBUT	725	200	200	TEHUELCHES	TEHUELCHES	4	200
725	AR	ARGENTINA	ARGENTINA	ARGENTINO	v.1	4	4	CHUBUT	CHUBUT	725	201	201	RAWSON	RAWSON	4	201
725	AR	ARGENTINA	ARGENTINA	ARGENTINO	v.1	4	4	CHUBUT	CHUBUT	725	202	202	BIEDMA	BIEDMA	4	202
725	AR	ARGENTINA	ARGENTINA	ARGENTINO	v.1	5	5	CORDOBA	CORDOBA	725	203	203	RIO CUARTO	RIO CUARTO	5	203
725	AR	ARGENTINA	ARGENTINA	ARGENTINO	v.1	5	5	CORDOBA	CORDOBA	725	204	204	TOTORAL	TOTORAL	5	204
725	AR	ARGENTINA	ARGENTINA	ARGENTINO	v.1	5	5	CORDOBA	CORDOBA	725	205	205	COLON	COLON	5	205
725	AR	ARGENTINA	ARGENTINA	ARGENTINO	v.1	5	5	CORDOBA	CORDOBA	725	206	206	MINAS	MINAS	5	206
725	AR	ARGENTINA	ARGENTINA	ARGENTINO	v.1	5	5	CORDOBA	CORDOBA	725	207	207	PUNILLA	PUNILLA	5	207
725	AR	ARGENTINA	ARGENTINA	ARGENTINO	v.1	5	5	CORDOBA	CORDOBA	725	208	208	JUAREZ CELMAN	JUAREZ CELMAN	5	208
725	AR	ARGENTINA	ARGENTINA	ARGENTINO	v.1	5	5	CORDOBA	CORDOBA	725	209	209	MARCOS JUAREZ	MARCOS JUAREZ	5	209
725	AR	ARGENTINA	ARGENTINA	ARGENTINO	v.1	5	5	CORDOBA	CORDOBA	725	210	210	SAN JUSTO	SAN JUSTO	5	210
725	AR	ARGENTINA	ARGENTINA	ARGENTINO	v.1	5	5	CORDOBA	CORDOBA	725	211	211	TERCERO ARRIBA	TERCERO ARRIBA	5	211
725	AR	ARGENTINA	ARGENTINA	ARGENTINO	v.1	5	5	CORDOBA	CORDOBA	725	212	212	RIO SECO	RIO SECO	5	212
725	AR	ARGENTINA	ARGENTINA	ARGENTINO	v.1	5	5	CORDOBA	CORDOBA	725	213	213	CAPITAL	CAPITAL	5	213
725	AR	ARGENTINA	ARGENTINA	ARGENTINO	v.1	5	5	CORDOBA	CORDOBA	725	214	214	SANTA MARIA	SANTA MARIA	5	214
725	AR	ARGENTINA	ARGENTINA	ARGENTINO	v.1	5	5	CORDOBA	CORDOBA	725	215	215	SAN ALBERTO	SAN ALBERTO	5	215
725	AR	ARGENTINA	ARGENTINA	ARGENTINO	v.1	5	5	CORDOBA	CORDOBA	725	216	216	UNION	UNION	5	216
725	AR	ARGENTINA	ARGENTINA	ARGENTINO	v.1	5	5	CORDOBA	CORDOBA	725	217	217	POCHO	POCHO	5	217
725	AR	ARGENTINA	ARGENTINA	ARGENTINO	v.1	5	5	CORDOBA	CORDOBA	725	218	218	CALAMUCHITA	CALAMUCHITA	5	218
725	AR	ARGENTINA	ARGENTINA	ARGENTINO	v.1	5	5	CORDOBA	CORDOBA	725	219	219	ISCHILIN	ISCHILIN	5	219
725	AR	ARGENTINA	ARGENTINA	ARGENTINO	v.1	5	5	CORDOBA	CORDOBA	725	220	220	GENERAL SAN MARTIN	GENERAL SAN MARTIN	5	220
725	AR	ARGENTINA	ARGENTINA	ARGENTINO	v.1	5	5	CORDOBA	CORDOBA	725	221	221	RIO PRIMERO	RIO PRIMERO	5	221
725	AR	ARGENTINA	ARGENTINA	ARGENTINO	v.1	5	5	CORDOBA	CORDOBA	725	222	222	CRUZ DEL EJE	CRUZ DEL EJE	5	222
725	AR	ARGENTINA	ARGENTINA	ARGENTINO	v.1	5	5	CORDOBA	CORDOBA	725	223	223	GRL.ROCA	GRL.ROCA	5	223
725	AR	ARGENTINA	ARGENTINA	ARGENTINO	v.1	5	5	CORDOBA	CORDOBA	725	224	224	GENERAL ROCA	GENERAL ROCA	5	224
725	AR	ARGENTINA	ARGENTINA	ARGENTINO	v.1	5	5	CORDOBA	CORDOBA	725	225	225	SOBREMONTE	SOBREMONTE	5	225
725	AR	ARGENTINA	ARGENTINA	ARGENTINO	v.1	5	5	CORDOBA	CORDOBA	725	226	226	RIO SEGUNDO	RIO SEGUNDO	5	226
725	AR	ARGENTINA	ARGENTINA	ARGENTINO	v.1	5	5	CORDOBA	CORDOBA	725	227	227	TULUMBA	TULUMBA	5	227
725	AR	ARGENTINA	ARGENTINA	ARGENTINO	v.1	5	5	CORDOBA	CORDOBA	725	228	228	SAN JAVIER	SAN JAVIER	5	228
725	AR	ARGENTINA	ARGENTINA	ARGENTINO	v.1	5	5	CORDOBA	CORDOBA	725	229	229	PRESIDENTE ROQUE SAEZ PEÑA	PRESIDENTE ROQUE SAE	5	229
725	AR	ARGENTINA	ARGENTINA	ARGENTINO	v.1	5	5	CORDOBA	CORDOBA	725	230	230	PRESIDENTE ROQUE SAENZ PEÑA	PRESIDENTE ROQUE SAE	5	230
725	AR	ARGENTINA	ARGENTINA	ARGENTINO	v.1	5	5	CORDOBA	CORDOBA	725	232	232	CRUZ DE EJE	CRUZ DE EJE	5	232
725	AR	ARGENTINA	ARGENTINA	ARGENTINO	v.1	5	5	CORDOBA	CORDOBA	725	233	233	CORONEL PRINGLES	CORONEL PRINGLES	5	233
725	AR	ARGENTINA	ARGENTINA	ARGENTINO	v.1	5	5	CORDOBA	CORDOBA	725	234	234	RIO TERCERO	RIO TERCERO	5	234
725	AR	ARGENTINA	ARGENTINA	ARGENTINO	v.1	5	5	CORDOBA	CORDOBA	725	235	235	CVALAMUCHITA	CVALAMUCHITA	5	235
725	AR	ARGENTINA	ARGENTINA	ARGENTINO	v.1	6	6	CORRIENTES	CORRIENTES	725	236	236	SAN ROQUE	SAN ROQUE	6	236
725	AR	ARGENTINA	ARGENTINA	ARGENTINO	v.1	6	6	CORRIENTES	CORRIENTES	725	237	237	MONTE CASEROS	MONTE CASEROS	6	237
725	AR	ARGENTINA	ARGENTINA	ARGENTINO	v.1	6	6	CORRIENTES	CORRIENTES	725	238	238	GENERAL ALVEAR	GENERAL ALVEAR	6	238
725	AR	ARGENTINA	ARGENTINA	ARGENTINO	v.1	6	6	CORRIENTES	CORRIENTES	725	239	239	CURUZU CUATIA	CURUZU CUATIA	6	239
725	AR	ARGENTINA	ARGENTINA	ARGENTINO	v.1	6	6	CORRIENTES	CORRIENTES	725	240	240	SAN MARTIN	SAN MARTIN	6	240
725	AR	ARGENTINA	ARGENTINA	ARGENTINO	v.1	6	6	CORRIENTES	CORRIENTES	725	241	241	MERCEDES	MERCEDES	6	241
725	AR	ARGENTINA	ARGENTINA	ARGENTINO	v.1	6	6	CORRIENTES	CORRIENTES	725	242	242	SALADAS	SALADAS	6	242
725	AR	ARGENTINA	ARGENTINA	ARGENTINO	v.1	6	6	CORRIENTES	CORRIENTES	725	243	243	ITUZAINGO	ITUZAINGO	6	243
725	AR	ARGENTINA	ARGENTINA	ARGENTINO	v.1	6	6	CORRIENTES	CORRIENTES	725	244	244	BERON DE ASTRADA	BERON DE ASTRADA	6	244
725	AR	ARGENTINA	ARGENTINA	ARGENTINO	v.1	6	6	CORRIENTES	CORRIENTES	725	245	245	BELLA VISTA	BELLA VISTA	6	245
725	AR	ARGENTINA	ARGENTINA	ARGENTINO	v.1	6	6	CORRIENTES	CORRIENTES	725	246	246	SAN LUIS DEL PALMAR	SAN LUIS DEL PALMAR	6	246
725	AR	ARGENTINA	ARGENTINA	ARGENTINO	v.1	6	6	CORRIENTES	CORRIENTES	725	247	247	CAPITAL	CAPITAL	6	247
725	AR	ARGENTINA	ARGENTINA	ARGENTINO	v.1	6	6	CORRIENTES	CORRIENTES	725	248	248	LAVALLE	LAVALLE	6	248
725	AR	ARGENTINA	ARGENTINA	ARGENTINO	v.1	6	6	CORRIENTES	CORRIENTES	725	249	249	PASO DE LOS LIBRES	PASO DE LOS LIBRES	6	249
725	AR	ARGENTINA	ARGENTINA	ARGENTINO	v.1	6	6	CORRIENTES	CORRIENTES	725	250	250	GOYA	GOYA	6	250
725	AR	ARGENTINA	ARGENTINA	ARGENTINO	v.1	6	6	CORRIENTES	CORRIENTES	725	251	251	EMPEDRADO	EMPEDRADO	6	251
725	AR	ARGENTINA	ARGENTINA	ARGENTINO	v.1	6	6	CORRIENTES	CORRIENTES	725	252	252	SAUCE	SAUCE	6	252
725	AR	ARGENTINA	ARGENTINA	ARGENTINO	v.1	6	6	CORRIENTES	CORRIENTES	725	253	253	GENERAL PAZ	GENERAL PAZ	6	253
725	AR	ARGENTINA	ARGENTINA	ARGENTINO	v.1	6	6	CORRIENTES	CORRIENTES	725	254	254	SANTO TOME	SANTO TOME	6	254
725	AR	ARGENTINA	ARGENTINA	ARGENTINO	v.1	6	6	CORRIENTES	CORRIENTES	725	255	255	SAN MIGUEL	SAN MIGUEL	6	255
725	AR	ARGENTINA	ARGENTINA	ARGENTINO	v.1	6	6	CORRIENTES	CORRIENTES	725	256	256	CONCEPCION	CONCEPCION	6	256
725	AR	ARGENTINA	ARGENTINA	ARGENTINO	v.1	6	6	CORRIENTES	CORRIENTES	725	257	257	ESQUINA	ESQUINA	6	257
725	AR	ARGENTINA	ARGENTINA	ARGENTINO	v.1	6	6	CORRIENTES	CORRIENTES	725	258	258	SAN COSME	SAN COSME	6	258
725	AR	ARGENTINA	ARGENTINA	ARGENTINO	v.1	6	6	CORRIENTES	CORRIENTES	725	259	259	ITATI	ITATI	6	259
725	AR	ARGENTINA	ARGENTINA	ARGENTINO	v.1	6	6	CORRIENTES	CORRIENTES	725	260	260	MBURUCUYA	MBURUCUYA	6	260
725	AR	ARGENTINA	ARGENTINA	ARGENTINO	v.1	7	7	ENTRE RIOS	ENTRE RIOS	725	261	261	URUGUAY	URUGUAY	7	261
725	AR	ARGENTINA	ARGENTINA	ARGENTINO	v.1	7	7	ENTRE RIOS	ENTRE RIOS	725	262	262	NOGOYA	NOGOYA	7	262
725	AR	ARGENTINA	ARGENTINA	ARGENTINO	v.1	7	7	ENTRE RIOS	ENTRE RIOS	725	263	263	TALA	TALA	7	263
725	AR	ARGENTINA	ARGENTINA	ARGENTINO	v.1	7	7	ENTRE RIOS	ENTRE RIOS	725	264	264	GUALEGUAY	GUALEGUAY	7	264
725	AR	ARGENTINA	ARGENTINA	ARGENTINO	v.1	7	7	ENTRE RIOS	ENTRE RIOS	725	265	265	DIAMANTE	DIAMANTE	7	265
725	AR	ARGENTINA	ARGENTINA	ARGENTINO	v.1	7	7	ENTRE RIOS	ENTRE RIOS	725	266	266	PARANA	PARANA	7	266
725	AR	ARGENTINA	ARGENTINA	ARGENTINO	v.1	7	7	ENTRE RIOS	ENTRE RIOS	725	267	267	GUALEGUAYCHU	GUALEGUAYCHU	7	267
725	AR	ARGENTINA	ARGENTINA	ARGENTINO	v.1	7	7	ENTRE RIOS	ENTRE RIOS	725	268	268	COLON	COLON	7	268
725	AR	ARGENTINA	ARGENTINA	ARGENTINO	v.1	7	7	ENTRE RIOS	ENTRE RIOS	725	269	269	VICTORIA	VICTORIA	7	269
725	AR	ARGENTINA	ARGENTINA	ARGENTINO	v.1	7	7	ENTRE RIOS	ENTRE RIOS	725	270	270	VILLAGUAY	VILLAGUAY	7	270
725	AR	ARGENTINA	ARGENTINA	ARGENTINO	v.1	7	7	ENTRE RIOS	ENTRE RIOS	725	271	271	FELICIANO	FELICIANO	7	271
725	AR	ARGENTINA	ARGENTINA	ARGENTINO	v.1	7	7	ENTRE RIOS	ENTRE RIOS	725	272	272	CONCORDIA	CONCORDIA	7	272
725	AR	ARGENTINA	ARGENTINA	ARGENTINO	v.1	7	7	ENTRE RIOS	ENTRE RIOS	725	273	273	LA PAZ	LA PAZ	7	273
725	AR	ARGENTINA	ARGENTINA	ARGENTINO	v.1	7	7	ENTRE RIOS	ENTRE RIOS	725	274	274	FEDERACION	FEDERACION	7	274
725	AR	ARGENTINA	ARGENTINA	ARGENTINO	v.1	7	7	ENTRE RIOS	ENTRE RIOS	725	275	275	FEDERAL	FEDERAL	7	275
725	AR	ARGENTINA	ARGENTINA	ARGENTINO	v.1	7	7	ENTRE RIOS	ENTRE RIOS	725	276	276	CASTELLANOS	CASTELLANOS	7	276
725	AR	ARGENTINA	ARGENTINA	ARGENTINO	v.1	8	8	FORMOSA	FORMOSA	725	277	277	PILAGAS	PILAGAS	8	277
725	AR	ARGENTINA	ARGENTINA	ARGENTINO	v.1	8	8	FORMOSA	FORMOSA	725	278	278	PATIÑO	PATIÑO	8	278
725	AR	ARGENTINA	ARGENTINA	ARGENTINO	v.1	8	8	FORMOSA	FORMOSA	725	279	279	PILCOMAYO	PILCOMAYO	8	279
725	AR	ARGENTINA	ARGENTINA	ARGENTINO	v.1	8	8	FORMOSA	FORMOSA	725	280	280	BERMEJO	BERMEJO	8	280
725	AR	ARGENTINA	ARGENTINA	ARGENTINO	v.1	8	8	FORMOSA	FORMOSA	725	281	281	PIRANE	PIRANE	8	281
725	AR	ARGENTINA	ARGENTINA	ARGENTINO	v.1	8	8	FORMOSA	FORMOSA	725	282	282	FORMOSA	FORMOSA	8	282
725	AR	ARGENTINA	ARGENTINA	ARGENTINO	v.1	8	8	FORMOSA	FORMOSA	725	283	283	MATACOS	MATACOS	8	283
725	AR	ARGENTINA	ARGENTINA	ARGENTINO	v.1	8	8	FORMOSA	FORMOSA	725	284	284	RAMON LISTA	RAMON LISTA	8	284
725	AR	ARGENTINA	ARGENTINA	ARGENTINO	v.1	8	8	FORMOSA	FORMOSA	725	285	285	PILLAGAS	PILLAGAS	8	285
725	AR	ARGENTINA	ARGENTINA	ARGENTINO	v.1	8	8	FORMOSA	FORMOSA	725	286	286	LAISHI	LAISHI	8	286
725	AR	ARGENTINA	ARGENTINA	ARGENTINO	v.1	9	9	JUJUY	JUJUY	725	287	287	LEDESMA	LEDESMA	9	287
725	AR	ARGENTINA	ARGENTINA	ARGENTINO	v.1	9	9	JUJUY	JUJUY	725	288	288	COCHINOCA	COCHINOCA	9	288
725	AR	ARGENTINA	ARGENTINA	ARGENTINO	v.1	9	9	JUJUY	JUJUY	725	289	289	EL CARMEN	EL CARMEN	9	289
725	AR	ARGENTINA	ARGENTINA	ARGENTINO	v.1	9	9	JUJUY	JUJUY	725	290	290	TUMBAYA	TUMBAYA	9	290
725	AR	ARGENTINA	ARGENTINA	ARGENTINO	v.1	9	9	JUJUY	JUJUY	725	291	291	CAPITAL	CAPITAL	9	291
725	AR	ARGENTINA	ARGENTINA	ARGENTINO	v.1	9	9	JUJUY	JUJUY	725	292	292	YAVI	YAVI	9	292
725	AR	ARGENTINA	ARGENTINA	ARGENTINO	v.1	9	9	JUJUY	JUJUY	725	293	293	HUMAHUACA	HUMAHUACA	9	293
725	AR	ARGENTINA	ARGENTINA	ARGENTINO	v.1	9	9	JUJUY	JUJUY	725	294	294	RINCONADA	RINCONADA	9	294
725	AR	ARGENTINA	ARGENTINA	ARGENTINO	v.1	9	9	JUJUY	JUJUY	725	295	295	VALLE GRANDE	VALLE GRANDE	9	295
725	AR	ARGENTINA	ARGENTINA	ARGENTINO	v.1	9	9	JUJUY	JUJUY	725	296	296	SUSQUES	SUSQUES	9	296
725	AR	ARGENTINA	ARGENTINA	ARGENTINO	v.1	9	9	JUJUY	JUJUY	725	297	297	SANTA CATALINA	SANTA CATALINA	9	297
725	AR	ARGENTINA	ARGENTINA	ARGENTINO	v.1	9	9	JUJUY	JUJUY	725	298	298	SAN ANTONIO	SAN ANTONIO	9	298
725	AR	ARGENTINA	ARGENTINA	ARGENTINO	v.1	9	9	JUJUY	JUJUY	725	299	299	SANTA BARBARA	SANTA BARBARA	9	299
725	AR	ARGENTINA	ARGENTINA	ARGENTINO	v.1	9	9	JUJUY	JUJUY	725	300	300	SAN PEDRO	SAN PEDRO	9	300
725	AR	ARGENTINA	ARGENTINA	ARGENTINO	v.1	9	9	JUJUY	JUJUY	725	301	301	TILCARA	TILCARA	9	301
725	AR	ARGENTINA	ARGENTINA	ARGENTINO	v.1	9	9	JUJUY	JUJUY	725	302	302	LADESMA	LADESMA	9	302
725	AR	ARGENTINA	ARGENTINA	ARGENTINO	v.1	10	10	LA PAMPA	LA PAMPA	725	303	303	HUCAL	HUCAL	10	303
725	AR	ARGENTINA	ARGENTINA	ARGENTINO	v.1	10	10	LA PAMPA	LA PAMPA	725	304	304	REALICO	REALICO	10	304
725	AR	ARGENTINA	ARGENTINA	ARGENTINO	v.1	10	10	LA PAMPA	LA PAMPA	725	305	305	MARA CO	MARA CO	10	305
725	AR	ARGENTINA	ARGENTINA	ARGENTINO	v.1	10	10	LA PAMPA	LA PAMPA	725	306	306	QUEMUQUEMU	QUEMUQUEMU	10	306
725	AR	ARGENTINA	ARGENTINA	ARGENTINO	v.1	10	10	LA PAMPA	LA PAMPA	725	307	307	CHICAL CO	CHICAL CO	10	307
725	AR	ARGENTINA	ARGENTINA	ARGENTINO	v.1	10	10	LA PAMPA	LA PAMPA	725	308	308	GUATRACHE	GUATRACHE	10	308
725	AR	ARGENTINA	ARGENTINA	ARGENTINO	v.1	10	10	LA PAMPA	LA PAMPA	725	309	309	CAPITAL	CAPITAL	10	309
725	AR	ARGENTINA	ARGENTINA	ARGENTINO	v.1	10	10	LA PAMPA	LA PAMPA	725	310	310	CALEUCALEU	CALEUCALEU	10	310
725	AR	ARGENTINA	ARGENTINA	ARGENTINO	v.1	10	10	LA PAMPA	LA PAMPA	725	311	311	TRENEL	TRENEL	10	311
725	AR	ARGENTINA	ARGENTINA	ARGENTINO	v.1	10	10	LA PAMPA	LA PAMPA	725	312	312	UTRACAN	UTRACAN	10	312
725	AR	ARGENTINA	ARGENTINA	ARGENTINO	v.1	10	10	LA PAMPA	LA PAMPA	725	313	313	ATREUCO	ATREUCO	10	313
725	AR	ARGENTINA	ARGENTINA	ARGENTINO	v.1	10	10	LA PAMPA	LA PAMPA	725	314	314	TOAY	TOAY	10	314
725	AR	ARGENTINA	ARGENTINA	ARGENTINO	v.1	10	10	LA PAMPA	LA PAMPA	725	315	315	CHAPADLEUFU	CHAPADLEUFU	10	315
725	AR	ARGENTINA	ARGENTINA	ARGENTINO	v.1	10	10	LA PAMPA	LA PAMPA	725	316	316	CONELO	CONELO	10	316
725	AR	ARGENTINA	ARGENTINA	ARGENTINO	v.1	10	10	LA PAMPA	LA PAMPA	725	317	317	PUELEN	PUELEN	10	317
725	AR	ARGENTINA	ARGENTINA	ARGENTINO	v.1	10	10	LA PAMPA	LA PAMPA	725	318	318	RANCUL	RANCUL	10	318
725	AR	ARGENTINA	ARGENTINA	ARGENTINO	v.1	10	10	LA PAMPA	LA PAMPA	725	319	319	QUEMU QUEMU	QUEMU QUEMU	10	319
725	AR	ARGENTINA	ARGENTINA	ARGENTINO	v.1	10	10	LA PAMPA	LA PAMPA	725	320	320	LOVENTUE	LOVENTUE	10	320
725	AR	ARGENTINA	ARGENTINA	ARGENTINO	v.1	10	10	LA PAMPA	LA PAMPA	725	321	321	CONHELO	CONHELO	10	321
725	AR	ARGENTINA	ARGENTINA	ARGENTINO	v.1	10	10	LA PAMPA	LA PAMPA	725	322	322	CATRILO	CATRILO	10	322
725	AR	ARGENTINA	ARGENTINA	ARGENTINO	v.1	10	10	LA PAMPA	LA PAMPA	725	323	323	CHAPALEUFU	CHAPALEUFU	10	323
725	AR	ARGENTINA	ARGENTINA	ARGENTINO	v.1	10	10	LA PAMPA	LA PAMPA	725	324	324	ULTRACAN	ULTRACAN	10	324
725	AR	ARGENTINA	ARGENTINA	ARGENTINO	v.1	10	10	LA PAMPA	LA PAMPA	725	325	325	CHALILEO	CHALILEO	10	325
725	AR	ARGENTINA	ARGENTINA	ARGENTINO	v.1	10	10	LA PAMPA	LA PAMPA	725	326	326	LIHUEL CALEL	LIHUEL CALEL	10	326
725	AR	ARGENTINA	ARGENTINA	ARGENTINO	v.1	10	10	LA PAMPA	LA PAMPA	725	327	327	MARACO	MARACO	10	327
725	AR	ARGENTINA	ARGENTINA	ARGENTINO	v.1	10	10	LA PAMPA	LA PAMPA	725	328	328	CALEU CALEU	CALEU CALEU	10	328
725	AR	ARGENTINA	ARGENTINA	ARGENTINO	v.1	10	10	LA PAMPA	LA PAMPA	725	329	329	CURACO	CURACO	10	329
725	AR	ARGENTINA	ARGENTINA	ARGENTINO	v.1	10	10	LA PAMPA	LA PAMPA	725	330	330	LIMAY MAHUIDA	LIMAY MAHUIDA	10	330
725	AR	ARGENTINA	ARGENTINA	ARGENTINO	v.1	11	11	LA RIOJA	LA RIOJA	725	331	331	CASTRO BARROS	CASTRO BARROS	11	331
725	AR	ARGENTINA	ARGENTINA	ARGENTINO	v.1	11	11	LA RIOJA	LA RIOJA	725	332	332	GENERAL SAN MARTIN	GENERAL SAN MARTIN	11	332
725	AR	ARGENTINA	ARGENTINA	ARGENTINO	v.1	11	11	LA RIOJA	LA RIOJA	725	333	333	GENERAL LAVALLE	GENERAL LAVALLE	11	333
725	AR	ARGENTINA	ARGENTINA	ARGENTINO	v.1	11	11	LA RIOJA	LA RIOJA	725	334	334	ARAUCO	ARAUCO	11	334
725	AR	ARGENTINA	ARGENTINA	ARGENTINO	v.1	11	11	LA RIOJA	LA RIOJA	725	335	335	GRAL.ANGEL V.PEÑALOZA	GRAL.ANGEL V.PEÑALOZ	11	335
725	AR	ARGENTINA	ARGENTINA	ARGENTINO	v.1	11	11	LA RIOJA	LA RIOJA	725	336	336	SAN BLAS DE LOS SAUCES	SAN BLAS DE LOS SAUC	11	336
725	AR	ARGENTINA	ARGENTINA	ARGENTINO	v.1	11	11	LA RIOJA	LA RIOJA	725	337	337	INDEPENDENCIA	INDEPENDENCIA	11	337
725	AR	ARGENTINA	ARGENTINA	ARGENTINO	v.1	11	11	LA RIOJA	LA RIOJA	725	338	338	GENERAL OCAMPO	GENERAL OCAMPO	11	338
725	AR	ARGENTINA	ARGENTINA	ARGENTINO	v.1	11	11	LA RIOJA	LA RIOJA	725	339	339	CHILECITO	CHILECITO	11	339
725	AR	ARGENTINA	ARGENTINA	ARGENTINO	v.1	11	11	LA RIOJA	LA RIOJA	725	340	340	FAMATINA	FAMATINA	11	340
725	AR	ARGENTINA	ARGENTINA	ARGENTINO	v.1	11	11	LA RIOJA	LA RIOJA	725	341	341	GRL.JUAN FACUNDO QUIROGA	GRL.JUAN FACUNDO QUI	11	341
725	AR	ARGENTINA	ARGENTINA	ARGENTINO	v.1	11	11	LA RIOJA	LA RIOJA	725	342	342	GRL.ANGEL V. PEÑALOZA	GRL.ANGEL V. PEÑALOZ	11	342
725	AR	ARGENTINA	ARGENTINA	ARGENTINO	v.1	11	11	LA RIOJA	LA RIOJA	725	343	343	GENERAL BELGRANO	GENERAL BELGRANO	11	343
725	AR	ARGENTINA	ARGENTINA	ARGENTINO	v.1	11	11	LA RIOJA	LA RIOJA	725	344	344	GENERAL SARMIENTO	GENERAL SARMIENTO	11	344
725	AR	ARGENTINA	ARGENTINA	ARGENTINO	v.1	11	11	LA RIOJA	LA RIOJA	725	345	345	CAPITAL	CAPITAL	11	345
725	AR	ARGENTINA	ARGENTINA	ARGENTINO	v.1	11	11	LA RIOJA	LA RIOJA	725	346	346	GDOR. GORDILLO	GDOR. GORDILLO	11	346
725	AR	ARGENTINA	ARGENTINA	ARGENTINO	v.1	11	11	LA RIOJA	LA RIOJA	725	347	347	GENERAL ANGEL VICENTE PEÑALOZA	GENERAL ANGEL VICENT	11	347
725	AR	ARGENTINA	ARGENTINA	ARGENTINO	v.1	11	11	LA RIOJA	LA RIOJA	725	348	348	GOBERNADOR GORDILLO	GOBERNADOR GORDILLO	11	348
725	AR	ARGENTINA	ARGENTINA	ARGENTINO	v.1	11	11	LA RIOJA	LA RIOJA	725	349	349	ROSARIO VERA PEÑALOZA	ROSARIO VERA PEÑALOZ	11	349
725	AR	ARGENTINA	ARGENTINA	ARGENTINO	v.1	11	11	LA RIOJA	LA RIOJA	725	350	350	GRL.SAN MARTIN	GRL.SAN MARTIN	11	350
725	AR	ARGENTINA	ARGENTINA	ARGENTINO	v.1	11	11	LA RIOJA	LA RIOJA	725	351	351	GENERAL LA MADRID	GENERAL LA MADRID	11	351
725	AR	ARGENTINA	ARGENTINA	ARGENTINO	v.1	11	11	LA RIOJA	LA RIOJA	725	352	352	GENERAL JUAN FACUNDO QUIROGA	GENERAL JUAN FACUNDO	11	352
725	AR	ARGENTINA	ARGENTINA	ARGENTINO	v.1	11	11	LA RIOJA	LA RIOJA	725	353	353	GENERALOCAMPO	GENERALOCAMPO	11	353
725	AR	ARGENTINA	ARGENTINA	ARGENTINO	v.1	11	11	LA RIOJA	LA RIOJA	725	354	354	SANAGASTA	SANAGASTA	11	354
725	AR	ARGENTINA	ARGENTINA	ARGENTINO	v.1	12	12	MENDOZA	MENDOZA	725	355	355	SAN RAFAEL	SAN RAFAEL	12	355
725	AR	ARGENTINA	ARGENTINA	ARGENTINO	v.1	12	12	MENDOZA	MENDOZA	725	356	356	LUJAN	LUJAN	12	356
725	AR	ARGENTINA	ARGENTINA	ARGENTINO	v.1	12	12	MENDOZA	MENDOZA	725	357	357	MALARGUE	MALARGUE	12	357
725	AR	ARGENTINA	ARGENTINA	ARGENTINO	v.1	12	12	MENDOZA	MENDOZA	725	358	358	GUAYMALLEN	GUAYMALLEN	12	358
725	AR	ARGENTINA	ARGENTINA	ARGENTINO	v.1	12	12	MENDOZA	MENDOZA	725	359	359	LAVALLE	LAVALLE	12	359
725	AR	ARGENTINA	ARGENTINA	ARGENTINO	v.1	12	12	MENDOZA	MENDOZA	725	360	360	JUNIN	JUNIN	12	360
725	AR	ARGENTINA	ARGENTINA	ARGENTINO	v.1	12	12	MENDOZA	MENDOZA	725	361	361	TUPUNGATO	TUPUNGATO	12	361
725	AR	ARGENTINA	ARGENTINA	ARGENTINO	v.1	12	12	MENDOZA	MENDOZA	725	362	362	RIVADAVIA	RIVADAVIA	12	362
725	AR	ARGENTINA	ARGENTINA	ARGENTINO	v.1	12	12	MENDOZA	MENDOZA	725	363	363	MAIPU	MAIPU	12	363
725	AR	ARGENTINA	ARGENTINA	ARGENTINO	v.1	12	12	MENDOZA	MENDOZA	725	364	364	GODOY CRUZ	GODOY CRUZ	12	364
725	AR	ARGENTINA	ARGENTINA	ARGENTINO	v.1	12	12	MENDOZA	MENDOZA	725	365	365	GENERAL ALVEAR	GENERAL ALVEAR	12	365
725	AR	ARGENTINA	ARGENTINA	ARGENTINO	v.1	12	12	MENDOZA	MENDOZA	725	366	366	LA PAZ	LA PAZ	12	366
725	AR	ARGENTINA	ARGENTINA	ARGENTINO	v.1	12	12	MENDOZA	MENDOZA	725	367	367	TUNUYAN	TUNUYAN	12	367
725	AR	ARGENTINA	ARGENTINA	ARGENTINO	v.1	12	12	MENDOZA	MENDOZA	725	368	368	SAN CARLOS	SAN CARLOS	12	368
725	AR	ARGENTINA	ARGENTINA	ARGENTINO	v.1	12	12	MENDOZA	MENDOZA	725	369	369	LAS HERAS	LAS HERAS	12	369
725	AR	ARGENTINA	ARGENTINA	ARGENTINO	v.1	12	12	MENDOZA	MENDOZA	725	370	370	LUJAN DE CUYO	LUJAN DE CUYO	12	370
725	AR	ARGENTINA	ARGENTINA	ARGENTINO	v.1	12	12	MENDOZA	MENDOZA	725	371	371	SAN MARTIN	SAN MARTIN	12	371
725	AR	ARGENTINA	ARGENTINA	ARGENTINO	v.1	12	12	MENDOZA	MENDOZA	725	372	372	SANTA ROSA	SANTA ROSA	12	372
725	AR	ARGENTINA	ARGENTINA	ARGENTINO	v.1	12	12	MENDOZA	MENDOZA	725	373	373	CAPITAL	CAPITAL	12	373
725	AR	ARGENTINA	ARGENTINA	ARGENTINO	v.1	13	13	MISIONES	MISIONES	725	374	374	"25 DE MAYO"	"25 DE MAYO"	13	374
725	AR	ARGENTINA	ARGENTINA	ARGENTINO	v.1	13	13	MISIONES	MISIONES	725	375	375	IGUAZU	IGUAZU	13	375
725	AR	ARGENTINA	ARGENTINA	ARGENTINO	v.1	13	13	MISIONES	MISIONES	725	376	376	EL DORADO	EL DORADO	13	376
725	AR	ARGENTINA	ARGENTINA	ARGENTINO	v.1	13	13	MISIONES	MISIONES	725	377	377	LEANDRO N. ALEM	LEANDRO N. ALEM	13	377
725	AR	ARGENTINA	ARGENTINA	ARGENTINO	v.1	13	13	MISIONES	MISIONES	725	378	378	APOSTOLES	APOSTOLES	13	378
725	AR	ARGENTINA	ARGENTINA	ARGENTINO	v.1	13	13	MISIONES	MISIONES	725	379	379	CAINGUAS	CAINGUAS	13	379
725	AR	ARGENTINA	ARGENTINA	ARGENTINO	v.1	13	13	MISIONES	MISIONES	725	380	380	LEANDRO N.ALEM	LEANDRO N.ALEM	13	380
725	AR	ARGENTINA	ARGENTINA	ARGENTINO	v.1	13	13	MISIONES	MISIONES	725	381	381	CONCEPCION	CONCEPCION	13	381
725	AR	ARGENTINA	ARGENTINA	ARGENTINO	v.1	13	13	MISIONES	MISIONES	725	382	382	SAN PEDRO	SAN PEDRO	13	382
725	AR	ARGENTINA	ARGENTINA	ARGENTINO	v.1	13	13	MISIONES	MISIONES	725	383	383	CANDELARIA	CANDELARIA	13	383
725	AR	ARGENTINA	ARGENTINA	ARGENTINO	v.1	13	13	MISIONES	MISIONES	725	384	384	GRL.MANUEL BELGRANO	GRL.MANUEL BELGRANO	13	384
725	AR	ARGENTINA	ARGENTINA	ARGENTINO	v.1	13	13	MISIONES	MISIONES	725	385	385	OBERA	OBERA	13	385
725	AR	ARGENTINA	ARGENTINA	ARGENTINO	v.1	13	13	MISIONES	MISIONES	725	386	386	LIBERTADOR GRL.SAN MARTIN	LIBERTADOR GRL.SAN M	13	386
725	AR	ARGENTINA	ARGENTINA	ARGENTINO	v.1	13	13	MISIONES	MISIONES	725	387	387	SAN IGNACIO	SAN IGNACIO	13	387
725	AR	ARGENTINA	ARGENTINA	ARGENTINO	v.1	13	13	MISIONES	MISIONES	725	388	388	MONTECARLO	MONTECARLO	13	388
725	AR	ARGENTINA	ARGENTINA	ARGENTINO	v.1	13	13	MISIONES	MISIONES	725	389	389	GENERAL MANUEL BELGRANO	GENERAL MANUEL BELGR	13	389
725	AR	ARGENTINA	ARGENTINA	ARGENTINO	v.1	13	13	MISIONES	MISIONES	725	390	390	LEBERTADOR GRL.SAN MARTIN	LEBERTADOR GRL.SAN M	13	390
725	AR	ARGENTINA	ARGENTINA	ARGENTINO	v.1	13	13	MISIONES	MISIONES	725	391	391	EL GUARANI	EL GUARANI	13	391
725	AR	ARGENTINA	ARGENTINA	ARGENTINO	v.1	13	13	MISIONES	MISIONES	725	392	392	ELDORADO	ELDORADO	13	392
725	AR	ARGENTINA	ARGENTINA	ARGENTINO	v.1	13	13	MISIONES	MISIONES	725	393	393	CAPITAL	CAPITAL	13	393
725	AR	ARGENTINA	ARGENTINA	ARGENTINO	v.1	13	13	MISIONES	MISIONES	725	394	394	GUARANI	GUARANI	13	394
725	AR	ARGENTINA	ARGENTINA	ARGENTINO	v.1	13	13	MISIONES	MISIONES	725	395	395	SAN JAVIER	SAN JAVIER	13	395
725	AR	ARGENTINA	ARGENTINA	ARGENTINO	v.1	13	13	MISIONES	MISIONES	725	396	396	LIBERTADOR GRL. SAN MARTIN	LIBERTADOR GRL. SAN 	13	396
725	AR	ARGENTINA	ARGENTINA	ARGENTINO	v.1	14	14	NEUQUEN	NEUQUEN	725	397	397	COLLON CURA	COLLON CURA	14	397
725	AR	ARGENTINA	ARGENTINA	ARGENTINO	v.1	14	14	NEUQUEN	NEUQUEN	725	398	398	ALUMINE	ALUMINE	14	398
725	AR	ARGENTINA	ARGENTINA	ARGENTINO	v.1	14	14	NEUQUEN	NEUQUEN	725	399	399	MINAS	MINAS	14	399
725	AR	ARGENTINA	ARGENTINA	ARGENTINO	v.1	14	14	NEUQUEN	NEUQUEN	725	400	400	AÑELO	AÑELO	14	400
725	AR	ARGENTINA	ARGENTINA	ARGENTINO	v.1	14	14	NEUQUEN	NEUQUEN	725	401	401	CONFLUENCIA	CONFLUENCIA	14	401
725	AR	ARGENTINA	ARGENTINA	ARGENTINO	v.1	14	14	NEUQUEN	NEUQUEN	725	402	402	CHOS MALAL	CHOS MALAL	14	402
725	AR	ARGENTINA	ARGENTINA	ARGENTINO	v.1	14	14	NEUQUEN	NEUQUEN	725	403	403	PICUNCHES	PICUNCHES	14	403
725	AR	ARGENTINA	ARGENTINA	ARGENTINO	v.1	14	14	NEUQUEN	NEUQUEN	725	404	404	NORQUIN	NORQUIN	14	404
725	AR	ARGENTINA	ARGENTINA	ARGENTINO	v.1	14	14	NEUQUEN	NEUQUEN	725	405	405	PEHUENCHES	PEHUENCHES	14	405
725	AR	ARGENTINA	ARGENTINA	ARGENTINO	v.1	14	14	NEUQUEN	NEUQUEN	725	406	406	LONCOPUE	LONCOPUE	14	406
725	AR	ARGENTINA	ARGENTINA	ARGENTINO	v.1	14	14	NEUQUEN	NEUQUEN	725	407	407	HUILICHES	HUILICHES	14	407
725	AR	ARGENTINA	ARGENTINA	ARGENTINO	v.1	14	14	NEUQUEN	NEUQUEN	725	408	408	ZAPALA	ZAPALA	14	408
725	AR	ARGENTINA	ARGENTINA	ARGENTINO	v.1	14	14	NEUQUEN	NEUQUEN	725	409	409	CATAN LIL	CATAN LIL	14	409
725	AR	ARGENTINA	ARGENTINA	ARGENTINO	v.1	14	14	NEUQUEN	NEUQUEN	725	410	410	ÑORQUIN	ÑORQUIN	14	410
725	AR	ARGENTINA	ARGENTINA	ARGENTINO	v.1	14	14	NEUQUEN	NEUQUEN	725	411	411	LOS LAGOS	LOS LAGOS	14	411
725	AR	ARGENTINA	ARGENTINA	ARGENTINO	v.1	14	14	NEUQUEN	NEUQUEN	725	412	412	PICUN LEUFU	PICUN LEUFU	14	412
725	AR	ARGENTINA	ARGENTINA	ARGENTINO	v.1	14	14	NEUQUEN	NEUQUEN	725	413	413	LACAR	LACAR	14	413
725	AR	ARGENTINA	ARGENTINA	ARGENTINO	v.1	14	14	NEUQUEN	NEUQUEN	725	414	414	ÑOEQUIN	ÑOEQUIN	14	414
725	AR	ARGENTINA	ARGENTINA	ARGENTINO	v.1	15	15	RIO NEGRO	RIO NEGRO	725	415	415	VALCHETA	VALCHETA	15	415
725	AR	ARGENTINA	ARGENTINA	ARGENTINO	v.1	15	15	RIO NEGRO	RIO NEGRO	725	416	416	"25 DE MAYO"	"25 DE MAYO"	15	416
725	AR	ARGENTINA	ARGENTINA	ARGENTINO	v.1	15	15	RIO NEGRO	RIO NEGRO	725	417	417	EL CUY	EL CUY	15	417
725	AR	ARGENTINA	ARGENTINA	ARGENTINO	v.1	15	15	RIO NEGRO	RIO NEGRO	725	418	418	ÑORQUINCO	ÑORQUINCO	15	418
725	AR	ARGENTINA	ARGENTINA	ARGENTINO	v.1	15	15	RIO NEGRO	RIO NEGRO	725	419	419	GENERAL ROCA	GENERAL ROCA	15	419
725	AR	ARGENTINA	ARGENTINA	ARGENTINO	v.1	15	15	RIO NEGRO	RIO NEGRO	725	420	420	AVELLANEDA	AVELLANEDA	15	420
725	AR	ARGENTINA	ARGENTINA	ARGENTINO	v.1	15	15	RIO NEGRO	RIO NEGRO	725	421	421	CONESA	CONESA	15	421
725	AR	ARGENTINA	ARGENTINA	ARGENTINO	v.1	15	15	RIO NEGRO	RIO NEGRO	725	422	422	PICHI MAHUIDA	PICHI MAHUIDA	15	422
725	AR	ARGENTINA	ARGENTINA	ARGENTINO	v.1	15	15	RIO NEGRO	RIO NEGRO	725	423	423	SAN ANTONIO	SAN ANTONIO	15	423
725	AR	ARGENTINA	ARGENTINA	ARGENTINO	v.1	15	15	RIO NEGRO	RIO NEGRO	725	424	424	PILCANIYEU	PILCANIYEU	15	424
725	AR	ARGENTINA	ARGENTINA	ARGENTINO	v.1	15	15	RIO NEGRO	RIO NEGRO	725	425	425	"9 DE JULIO"	"9 DE JULIO"	15	425
725	AR	ARGENTINA	ARGENTINA	ARGENTINO	v.1	15	15	RIO NEGRO	RIO NEGRO	725	426	426	ADOLFO ALSINA	ADOLFO ALSINA	15	426
725	AR	ARGENTINA	ARGENTINA	ARGENTINO	v.1	15	15	RIO NEGRO	RIO NEGRO	725	427	427	BARILOCHE	BARILOCHE	15	427
725	AR	ARGENTINA	ARGENTINA	ARGENTINO	v.1	15	15	RIO NEGRO	RIO NEGRO	725	428	428	PIHI MAHUIDA	PIHI MAHUIDA	15	428
725	AR	ARGENTINA	ARGENTINA	ARGENTINO	v.1	16	16	SALTA	SALTA	725	429	429	LA VIÑA	LA VIÑA	16	429
725	AR	ARGENTINA	ARGENTINA	ARGENTINO	v.1	16	16	SALTA	SALTA	725	430	430	SAN MARTIN	SAN MARTIN	16	430
725	AR	ARGENTINA	ARGENTINA	ARGENTINO	v.1	16	16	SALTA	SALTA	725	431	431	ORAN	ORAN	16	431
725	AR	ARGENTINA	ARGENTINA	ARGENTINO	v.1	16	16	SALTA	SALTA	725	432	432	ANTA	ANTA	16	432
725	AR	ARGENTINA	ARGENTINA	ARGENTINO	v.1	16	16	SALTA	SALTA	725	433	433	GRAL.JOSE DE SAN MARTIN	GRAL.JOSE DE SAN MAR	16	433
725	AR	ARGENTINA	ARGENTINA	ARGENTINO	v.1	16	16	SALTA	SALTA	725	434	434	GUACHIPAS	GUACHIPAS	16	434
725	AR	ARGENTINA	ARGENTINA	ARGENTINO	v.1	16	16	SALTA	SALTA	725	435	435	ROSARIO DE LA FRONTERA	ROSARIO DE LA FRONTE	16	435
725	AR	ARGENTINA	ARGENTINA	ARGENTINO	v.1	16	16	SALTA	SALTA	725	436	436	RIVADAVIA	RIVADAVIA	16	436
725	AR	ARGENTINA	ARGENTINA	ARGENTINO	v.1	16	16	SALTA	SALTA	725	437	437	METAN	METAN	16	437
725	AR	ARGENTINA	ARGENTINA	ARGENTINO	v.1	16	16	SALTA	SALTA	725	438	438	SAN CARLOS	SAN CARLOS	16	438
725	AR	ARGENTINA	ARGENTINA	ARGENTINO	v.1	16	16	SALTA	SALTA	725	439	439	GRL.GUEMES	GRL.GUEMES	16	439
725	AR	ARGENTINA	ARGENTINA	ARGENTINO	v.1	16	16	SALTA	SALTA	725	440	440	CACHI	CACHI	16	440
725	AR	ARGENTINA	ARGENTINA	ARGENTINO	v.1	16	16	SALTA	SALTA	725	441	441	ROSARIO DE LERMA	ROSARIO DE LERMA	16	441
725	AR	ARGENTINA	ARGENTINA	ARGENTINO	v.1	16	16	SALTA	SALTA	725	442	442	CAFAYATE	CAFAYATE	16	442
725	AR	ARGENTINA	ARGENTINA	ARGENTINO	v.1	16	16	SALTA	SALTA	725	443	443	LOS ANDES	LOS ANDES	16	443
725	AR	ARGENTINA	ARGENTINA	ARGENTINO	v.1	16	16	SALTA	SALTA	725	444	444	GRL.JOSE DE SAN MARTIN	GRL.JOSE DE SAN MART	16	444
725	AR	ARGENTINA	ARGENTINA	ARGENTINO	v.1	16	16	SALTA	SALTA	725	445	445	CAPITAL	CAPITAL	16	445
725	AR	ARGENTINA	ARGENTINA	ARGENTINO	v.1	16	16	SALTA	SALTA	725	446	446	GRL.SAN MARTIN	GRL.SAN MARTIN	16	446
725	AR	ARGENTINA	ARGENTINA	ARGENTINO	v.1	16	16	SALTA	SALTA	725	447	447	GENERAL GUEMES	GENERAL GUEMES	16	447
725	AR	ARGENTINA	ARGENTINA	ARGENTINO	v.1	16	16	SALTA	SALTA	725	448	448	CERRILLOS	CERRILLOS	16	448
725	AR	ARGENTINA	ARGENTINA	ARGENTINO	v.1	16	16	SALTA	SALTA	725	449	449	CHICOANA	CHICOANA	16	449
725	AR	ARGENTINA	ARGENTINA	ARGENTINO	v.1	16	16	SALTA	SALTA	725	450	450	LA POMA	LA POMA	16	450
725	AR	ARGENTINA	ARGENTINA	ARGENTINO	v.1	16	16	SALTA	SALTA	725	451	451	LA CAPITAL	LA CAPITAL	16	451
725	AR	ARGENTINA	ARGENTINA	ARGENTINO	v.1	16	16	SALTA	SALTA	725	452	452	CANDELARIA	CANDELARIA	16	452
725	AR	ARGENTINA	ARGENTINA	ARGENTINO	v.1	16	16	SALTA	SALTA	725	453	453	ROSARIO	ROSARIO	16	453
725	AR	ARGENTINA	ARGENTINA	ARGENTINO	v.1	16	16	SALTA	SALTA	725	454	454	IRUYA	IRUYA	16	454
725	AR	ARGENTINA	ARGENTINA	ARGENTINO	v.1	16	16	SALTA	SALTA	725	455	455	LA CALDERA	LA CALDERA	16	455
725	AR	ARGENTINA	ARGENTINA	ARGENTINO	v.1	16	16	SALTA	SALTA	725	456	456	LOA ANDES	LOA ANDES	16	456
725	AR	ARGENTINA	ARGENTINA	ARGENTINO	v.1	16	16	SALTA	SALTA	725	457	457	MOLINOS	MOLINOS	16	457
725	AR	ARGENTINA	ARGENTINA	ARGENTINO	v.1	16	16	SALTA	SALTA	725	458	458	SANTA VICTORIA	SANTA VICTORIA	16	458
725	AR	ARGENTINA	ARGENTINA	ARGENTINO	v.1	17	17	SAN JUAN	SAN JUAN	725	459	459	"9 DE JULIO"	"9 DE JULIO"	17	459
725	AR	ARGENTINA	ARGENTINA	ARGENTINO	v.1	17	17	SAN JUAN	SAN JUAN	725	460	460	JACHAL	JACHAL	17	460
725	AR	ARGENTINA	ARGENTINA	ARGENTINO	v.1	17	17	SAN JUAN	SAN JUAN	725	461	461	ALBARDON	ALBARDON	17	461
725	AR	ARGENTINA	ARGENTINA	ARGENTINO	v.1	17	17	SAN JUAN	SAN JUAN	725	462	462	"25 DE MAYO"	"25 DE MAYO"	17	462
725	AR	ARGENTINA	ARGENTINA	ARGENTINO	v.1	17	17	SAN JUAN	SAN JUAN	725	463	463	SANTA LUCIA	SANTA LUCIA	17	463
725	AR	ARGENTINA	ARGENTINA	ARGENTINO	v.1	17	17	SAN JUAN	SAN JUAN	725	464	464	ANGACO	ANGACO	17	464
725	AR	ARGENTINA	ARGENTINA	ARGENTINO	v.1	17	17	SAN JUAN	SAN JUAN	725	465	465	IGLESIA	IGLESIA	17	465
725	AR	ARGENTINA	ARGENTINA	ARGENTINO	v.1	17	17	SAN JUAN	SAN JUAN	725	466	466	VALLE FERTIL	VALLE FERTIL	17	466
725	AR	ARGENTINA	ARGENTINA	ARGENTINO	v.1	17	17	SAN JUAN	SAN JUAN	725	467	467	CALINGASTA	CALINGASTA	17	467
725	AR	ARGENTINA	ARGENTINA	ARGENTINO	v.1	17	17	SAN JUAN	SAN JUAN	725	468	468	RIVADAVIA	RIVADAVIA	17	468
725	AR	ARGENTINA	ARGENTINA	ARGENTINO	v.1	17	17	SAN JUAN	SAN JUAN	725	469	469	CAUCETE	CAUCETE	17	469
725	AR	ARGENTINA	ARGENTINA	ARGENTINO	v.1	17	17	SAN JUAN	SAN JUAN	725	470	470	SARMIENTO	SARMIENTO	17	470
725	AR	ARGENTINA	ARGENTINA	ARGENTINO	v.1	17	17	SAN JUAN	SAN JUAN	725	471	471	POCITO	POCITO	17	471
725	AR	ARGENTINA	ARGENTINA	ARGENTINO	v.1	17	17	SAN JUAN	SAN JUAN	725	472	472	SAN MARTIN	SAN MARTIN	17	472
725	AR	ARGENTINA	ARGENTINA	ARGENTINO	v.1	17	17	SAN JUAN	SAN JUAN	725	473	473	CHIMBAS	CHIMBAS	17	473
725	AR	ARGENTINA	ARGENTINA	ARGENTINO	v.1	17	17	SAN JUAN	SAN JUAN	725	474	474	IGLESIAS	IGLESIAS	17	474
725	AR	ARGENTINA	ARGENTINA	ARGENTINO	v.1	17	17	SAN JUAN	SAN JUAN	725	475	475	ULLUN	ULLUN	17	475
725	AR	ARGENTINA	ARGENTINA	ARGENTINO	v.1	17	17	SAN JUAN	SAN JUAN	725	476	476	RAWSON	RAWSON	17	476
725	AR	ARGENTINA	ARGENTINA	ARGENTINO	v.1	17	17	SAN JUAN	SAN JUAN	725	477	477	CAPITAL	CAPITAL	17	477
725	AR	ARGENTINA	ARGENTINA	ARGENTINO	v.1	17	17	SAN JUAN	SAN JUAN	725	478	478	ZONDA	ZONDA	17	478
725	AR	ARGENTINA	ARGENTINA	ARGENTINO	v.1	18	18	SAN LUIS	SAN LUIS	725	479	479	BELGRANO	BELGRANO	18	479
725	AR	ARGENTINA	ARGENTINA	ARGENTINO	v.1	18	18	SAN LUIS	SAN LUIS	725	480	480	CHACABUCO	CHACABUCO	18	480
725	AR	ARGENTINA	ARGENTINA	ARGENTINO	v.1	18	18	SAN LUIS	SAN LUIS	725	481	481	LA CAPITAL	LA CAPITAL	18	481
725	AR	ARGENTINA	ARGENTINA	ARGENTINO	v.1	18	18	SAN LUIS	SAN LUIS	725	482	482	GOBERNADOR DUPUY	GOBERNADOR DUPUY	18	482
725	AR	ARGENTINA	ARGENTINA	ARGENTINO	v.1	18	18	SAN LUIS	SAN LUIS	725	483	483	GRL.PEDERNERA	GRL.PEDERNERA	18	483
725	AR	ARGENTINA	ARGENTINA	ARGENTINO	v.1	18	18	SAN LUIS	SAN LUIS	725	484	484	AYACUCHO	AYACUCHO	18	484
725	AR	ARGENTINA	ARGENTINA	ARGENTINO	v.1	18	18	SAN LUIS	SAN LUIS	725	485	485	JUNIN	JUNIN	18	485
725	AR	ARGENTINA	ARGENTINA	ARGENTINO	v.1	18	18	SAN LUIS	SAN LUIS	725	486	486	GONERNADOR DUPUY	GONERNADOR DUPUY	18	486
725	AR	ARGENTINA	ARGENTINA	ARGENTINO	v.1	18	18	SAN LUIS	SAN LUIS	725	487	487	CORONEL PRINGLES	CORONEL PRINGLES	18	487
725	AR	ARGENTINA	ARGENTINA	ARGENTINO	v.1	18	18	SAN LUIS	SAN LUIS	725	488	488	GENERAL PEDERNERA	GENERAL PEDERNERA	18	488
725	AR	ARGENTINA	ARGENTINA	ARGENTINO	v.1	18	18	SAN LUIS	SAN LUIS	725	489	489	GOBERNADOR DUVAL	GOBERNADOR DUVAL	18	489
725	AR	ARGENTINA	ARGENTINA	ARGENTINO	v.1	18	18	SAN LUIS	SAN LUIS	725	490	490	IGLESIA	IGLESIA	18	490
725	AR	ARGENTINA	ARGENTINA	ARGENTINO	v.1	18	18	SAN LUIS	SAN LUIS	725	491	491	LIBERTADOR GRL. SAN MARTIN	LIBERTADOR GRL. SAN 	18	491
725	AR	ARGENTINA	ARGENTINA	ARGENTINO	v.1	18	18	SAN LUIS	SAN LUIS	725	492	492	LIBERTADOR GRL.SAN MARTIN	LIBERTADOR GRL.SAN M	18	492
725	AR	ARGENTINA	ARGENTINA	ARGENTINO	v.1	18	18	SAN LUIS	SAN LUIS	725	493	493	LIBERTADOR GR.SAN MARTIN	LIBERTADOR GR.SAN MA	18	493
725	AR	ARGENTINA	ARGENTINA	ARGENTINO	v.1	18	18	SAN LUIS	SAN LUIS	725	494	494	CAUCETE	CAUCETE	18	494
725	AR	ARGENTINA	ARGENTINA	ARGENTINO	v.1	19	19	SANTA CRUZ	SANTA CRUZ	725	495	495	GUER AIKE	GUER AIKE	19	495
725	AR	ARGENTINA	ARGENTINA	ARGENTINO	v.1	19	19	SANTA CRUZ	SANTA CRUZ	725	496	496	DESEADO	DESEADO	19	496
725	AR	ARGENTINA	ARGENTINA	ARGENTINO	v.1	19	19	SANTA CRUZ	SANTA CRUZ	725	497	497	RIO CHICO	RIO CHICO	19	497
725	AR	ARGENTINA	ARGENTINA	ARGENTINO	v.1	19	19	SANTA CRUZ	SANTA CRUZ	725	498	498	MAGALLANES	MAGALLANES	19	498
725	AR	ARGENTINA	ARGENTINA	ARGENTINO	v.1	19	19	SANTA CRUZ	SANTA CRUZ	725	499	499	LAGO ARGENTINO	LAGO ARGENTINO	19	499
725	AR	ARGENTINA	ARGENTINA	ARGENTINO	v.1	19	19	SANTA CRUZ	SANTA CRUZ	725	500	500	CORPEN AIKE	CORPEN AIKE	19	500
725	AR	ARGENTINA	ARGENTINA	ARGENTINO	v.1	19	19	SANTA CRUZ	SANTA CRUZ	725	501	501	LAGO BUENOS AIRES	LAGO BUENOS AIRES	19	501
725	AR	ARGENTINA	ARGENTINA	ARGENTINO	v.1	20	20	SANTA FE	SANTA FE	725	502	502	GENERAL LOPEZ	GENERAL LOPEZ	20	502
725	AR	ARGENTINA	ARGENTINA	ARGENTINO	v.1	20	20	SANTA FE	SANTA FE	725	503	503	ROSARIO	ROSARIO	20	503
725	AR	ARGENTINA	ARGENTINA	ARGENTINO	v.1	20	20	SANTA FE	SANTA FE	725	504	504	GENERAL OBLIGADO	GENERAL OBLIGADO	20	504
725	AR	ARGENTINA	ARGENTINA	ARGENTINO	v.1	20	20	SANTA FE	SANTA FE	725	505	505	CONSTITUCION	CONSTITUCION	20	505
725	AR	ARGENTINA	ARGENTINA	ARGENTINO	v.1	20	20	SANTA FE	SANTA FE	725	506	506	SAN LORENZO	SAN LORENZO	20	506
725	AR	ARGENTINA	ARGENTINA	ARGENTINO	v.1	20	20	SANTA FE	SANTA FE	725	507	507	SAN JAVIER	SAN JAVIER	20	507
725	AR	ARGENTINA	ARGENTINA	ARGENTINO	v.1	20	20	SANTA FE	SANTA FE	725	508	508	LA CAPITAL	LA CAPITAL	20	508
725	AR	ARGENTINA	ARGENTINA	ARGENTINO	v.1	20	20	SANTA FE	SANTA FE	725	509	509	SAN CRISTOBAL	SAN CRISTOBAL	20	509
725	AR	ARGENTINA	ARGENTINA	ARGENTINO	v.1	20	20	SANTA FE	SANTA FE	725	510	510	IRIONDO	IRIONDO	20	510
725	AR	ARGENTINA	ARGENTINA	ARGENTINO	v.1	20	20	SANTA FE	SANTA FE	725	511	511	CASTELLANOS	CASTELLANOS	20	511
725	AR	ARGENTINA	ARGENTINA	ARGENTINO	v.1	20	20	SANTA FE	SANTA FE	725	512	512	NUEVE DE JULIO	NUEVE DE JULIO	20	512
725	AR	ARGENTINA	ARGENTINA	ARGENTINO	v.1	20	20	SANTA FE	SANTA FE	725	513	513	CASEROS	CASEROS	20	513
725	AR	ARGENTINA	ARGENTINA	ARGENTINO	v.1	20	20	SANTA FE	SANTA FE	725	514	514	SAN JERONIMO	SAN JERONIMO	20	514
725	AR	ARGENTINA	ARGENTINA	ARGENTINO	v.1	20	20	SANTA FE	SANTA FE	725	515	515	BELGRANO	BELGRANO	20	515
725	AR	ARGENTINA	ARGENTINA	ARGENTINO	v.1	20	20	SANTA FE	SANTA FE	725	516	516	CAPITAL	CAPITAL	20	516
725	AR	ARGENTINA	ARGENTINA	ARGENTINO	v.1	20	20	SANTA FE	SANTA FE	725	517	517	SAN JUSTO	SAN JUSTO	20	517
725	AR	ARGENTINA	ARGENTINA	ARGENTINO	v.1	20	20	SANTA FE	SANTA FE	725	518	518	GRL.OBLIGADO	GRL.OBLIGADO	20	518
725	AR	ARGENTINA	ARGENTINA	ARGENTINO	v.1	20	20	SANTA FE	SANTA FE	725	519	519	LA CAPITAL	LA CAPITAL	20	519
725	AR	ARGENTINA	ARGENTINA	ARGENTINO	v.1	20	20	SANTA FE	SANTA FE	725	520	520	GRL.LOPEZ	GRL.LOPEZ	20	520
725	AR	ARGENTINA	ARGENTINA	ARGENTINO	v.1	20	20	SANTA FE	SANTA FE	725	521	521	VERA	VERA	20	521
725	AR	ARGENTINA	ARGENTINA	ARGENTINO	v.1	20	20	SANTA FE	SANTA FE	725	522	522	"9 DE JULIO"	"9 DE JULIO"	20	522
725	AR	ARGENTINA	ARGENTINA	ARGENTINO	v.1	20	20	SANTA FE	SANTA FE	725	523	523	SAN MARTIN	SAN MARTIN	20	523
725	AR	ARGENTINA	ARGENTINA	ARGENTINO	v.1	20	20	SANTA FE	SANTA FE	725	524	524	LAS COLONIAS	LAS COLONIAS	20	524
725	AR	ARGENTINA	ARGENTINA	ARGENTINO	v.1	20	20	SANTA FE	SANTA FE	725	525	525	GARAY	GARAY	20	525
725	AR	ARGENTINA	ARGENTINA	ARGENTINO	v.1	20	20	SANTA FE	SANTA FE	725	526	526	CASTELANOS	CASTELANOS	20	526
725	AR	ARGENTINA	ARGENTINA	ARGENTINO	v.1	20	20	SANTA FE	SANTA FE	725	527	527	LAS COLINAS	LAS COLINAS	20	527
725	AR	ARGENTINA	ARGENTINA	ARGENTINO	v.1	21	21	SANTIAGO DEL ESTERO	SANTIAGO DEL ESTERO	725	528	528	BANDA	BANDA	21	528
725	AR	ARGENTINA	ARGENTINA	ARGENTINO	v.1	21	21	SANTIAGO DEL ESTERO	SANTIAGO DEL ESTERO	725	529	529	MORENO	MORENO	21	529
725	AR	ARGENTINA	ARGENTINA	ARGENTINO	v.1	21	21	SANTIAGO DEL ESTERO	SANTIAGO DEL ESTERO	725	530	530	ALBERDI	ALBERDI	21	530
725	AR	ARGENTINA	ARGENTINA	ARGENTINO	v.1	21	21	SANTIAGO DEL ESTERO	SANTIAGO DEL ESTERO	725	531	531	PELLEGRINI	PELLEGRINI	21	531
725	AR	ARGENTINA	ARGENTINA	ARGENTINO	v.1	21	21	SANTIAGO DEL ESTERO	SANTIAGO DEL ESTERO	725	532	532	OJO DE AGUA	OJO DE AGUA	21	532
725	AR	ARGENTINA	ARGENTINA	ARGENTINO	v.1	21	21	SANTIAGO DEL ESTERO	SANTIAGO DEL ESTERO	725	533	533	RIO HONDO	RIO HONDO	21	533
725	AR	ARGENTINA	ARGENTINA	ARGENTINO	v.1	21	21	SANTIAGO DEL ESTERO	SANTIAGO DEL ESTERO	725	534	534	GENERAL TABOADA	GENERAL TABOADA	21	534
725	AR	ARGENTINA	ARGENTINA	ARGENTINO	v.1	21	21	SANTIAGO DEL ESTERO	SANTIAGO DEL ESTERO	725	535	535	CHOYA	CHOYA	21	535
725	AR	ARGENTINA	ARGENTINA	ARGENTINO	v.1	21	21	SANTIAGO DEL ESTERO	SANTIAGO DEL ESTERO	725	536	536	CAPITAL	CAPITAL	21	536
725	AR	ARGENTINA	ARGENTINA	ARGENTINO	v.1	21	21	SANTIAGO DEL ESTERO	SANTIAGO DEL ESTERO	725	537	537	AGUIRRE	AGUIRRE	21	537
725	AR	ARGENTINA	ARGENTINA	ARGENTINO	v.1	21	21	SANTIAGO DEL ESTERO	SANTIAGO DEL ESTERO	725	538	538	SILIPICA	SILIPICA	21	538
725	AR	ARGENTINA	ARGENTINA	ARGENTINO	v.1	21	21	SANTIAGO DEL ESTERO	SANTIAGO DEL ESTERO	725	539	539	BELGRANO	BELGRANO	21	539
725	AR	ARGENTINA	ARGENTINA	ARGENTINO	v.1	21	21	SANTIAGO DEL ESTERO	SANTIAGO DEL ESTERO	725	540	540	FIGUEROA	FIGUEROA	21	540
725	AR	ARGENTINA	ARGENTINA	ARGENTINO	v.1	21	21	SANTIAGO DEL ESTERO	SANTIAGO DEL ESTERO	725	541	541	SALAVINA	SALAVINA	21	541
725	AR	ARGENTINA	ARGENTINA	ARGENTINO	v.1	21	21	SANTIAGO DEL ESTERO	SANTIAGO DEL ESTERO	725	542	542	QUEBRACHOS	QUEBRACHOS	21	542
725	AR	ARGENTINA	ARGENTINA	ARGENTINO	v.1	21	21	SANTIAGO DEL ESTERO	SANTIAGO DEL ESTERO	725	543	543	ROBLES	ROBLES	21	543
725	AR	ARGENTINA	ARGENTINA	ARGENTINO	v.1	21	21	SANTIAGO DEL ESTERO	SANTIAGO DEL ESTERO	725	544	544	AVELLANEDA	AVELLANEDA	21	544
725	AR	ARGENTINA	ARGENTINA	ARGENTINO	v.1	21	21	SANTIAGO DEL ESTERO	SANTIAGO DEL ESTERO	725	545	545	JIMENEZ	JIMENEZ	21	545
725	AR	ARGENTINA	ARGENTINA	ARGENTINO	v.1	21	21	SANTIAGO DEL ESTERO	SANTIAGO DEL ESTERO	725	546	546	ATAMISQUI	ATAMISQUI	21	546
725	AR	ARGENTINA	ARGENTINA	ARGENTINO	v.1	21	21	SANTIAGO DEL ESTERO	SANTIAGO DEL ESTERO	725	547	547	SAN MARTIN	SAN MARTIN	21	547
725	AR	ARGENTINA	ARGENTINA	ARGENTINO	v.1	21	21	SANTIAGO DEL ESTERO	SANTIAGO DEL ESTERO	725	548	548	MATARA	MATARA	21	548
725	AR	ARGENTINA	ARGENTINA	ARGENTINO	v.1	21	21	SANTIAGO DEL ESTERO	SANTIAGO DEL ESTERO	725	549	549	SALAYINA	SALAYINA	21	549
725	AR	ARGENTINA	ARGENTINA	ARGENTINO	v.1	21	21	SANTIAGO DEL ESTERO	SANTIAGO DEL ESTERO	725	550	550	GUASAYAN	GUASAYAN	21	550
725	AR	ARGENTINA	ARGENTINA	ARGENTINO	v.1	21	21	SANTIAGO DEL ESTERO	SANTIAGO DEL ESTERO	725	551	551	COPO	COPO	21	551
725	AR	ARGENTINA	ARGENTINA	ARGENTINO	v.1	21	21	SANTIAGO DEL ESTERO	SANTIAGO DEL ESTERO	725	552	552	BRIGADIER JUAN FELIPE IBARRA	BRIGADIER JUAN FELIP	21	552
725	AR	ARGENTINA	ARGENTINA	ARGENTINO	v.1	21	21	SANTIAGO DEL ESTERO	SANTIAGO DEL ESTERO	725	553	553	DOBLES	DOBLES	21	553
725	AR	ARGENTINA	ARGENTINA	ARGENTINO	v.1	21	21	SANTIAGO DEL ESTERO	SANTIAGO DEL ESTERO	725	554	554	SARMIENTO	SARMIENTO	21	554
725	AR	ARGENTINA	ARGENTINA	ARGENTINO	v.1	21	21	SANTIAGO DEL ESTERO	SANTIAGO DEL ESTERO	725	555	555	LORETO	LORETO	21	555
725	AR	ARGENTINA	ARGENTINA	ARGENTINO	v.1	21	21	SANTIAGO DEL ESTERO	SANTIAGO DEL ESTERO	725	556	556	MITRE	MITRE	21	556
725	AR	ARGENTINA	ARGENTINA	ARGENTINO	v.1	21	21	SANTIAGO DEL ESTERO	SANTIAGO DEL ESTERO	725	557	557	RIVADAVIA	RIVADAVIA	21	557
725	AR	ARGENTINA	ARGENTINA	ARGENTINO	v.1	22	22	TIERRA DEL FUEGO	TIERRA DEL FUEGO	725	558	558	USHUAIA	USHUAIA	22	558
725	AR	ARGENTINA	ARGENTINA	ARGENTINO	v.1	22	22	TIERRA DEL FUEGO	TIERRA DEL FUEGO	725	559	559	ISLAS DEL ATLANTICO SUR	ISLAS DEL ATLANTICO 	22	559
725	AR	ARGENTINA	ARGENTINA	ARGENTINO	v.1	22	22	TIERRA DEL FUEGO	TIERRA DEL FUEGO	725	560	560	SECTOR ANTARTICO ARGENTINO	SECTOR ANTARTICO ARG	22	560
725	AR	ARGENTINA	ARGENTINA	ARGENTINO	v.1	22	22	TIERRA DEL FUEGO	TIERRA DEL FUEGO	725	561	561	RIO GRANDE	RIO GRANDE	22	561
725	AR	ARGENTINA	ARGENTINA	ARGENTINO	v.1	22	22	TIERRA DEL FUEGO	TIERRA DEL FUEGO	725	562	562	IS.DEL ATLANTICO SUR E IS.MALVINAS	IS.DEL ATLANTICO SUR	22	562
725	AR	ARGENTINA	ARGENTINA	ARGENTINO	v.1	22	22	TIERRA DEL FUEGO	TIERRA DEL FUEGO	725	563	563	ANTARTIDA ARGENTINA	ANTARTIDA ARGENTINA	22	563
725	AR	ARGENTINA	ARGENTINA	ARGENTINO	v.1	23	23	TUCUMAN	TUCUMAN	725	564	564	BURRUYACU	BURRUYACU	23	564
725	AR	ARGENTINA	ARGENTINA	ARGENTINO	v.1	23	23	TUCUMAN	TUCUMAN	725	565	565	TRANCAS	TRANCAS	23	565
725	AR	ARGENTINA	ARGENTINA	ARGENTINO	v.1	23	23	TUCUMAN	TUCUMAN	725	566	566	MONTEROS	MONTEROS	23	566
725	AR	ARGENTINA	ARGENTINA	ARGENTINO	v.1	23	23	TUCUMAN	TUCUMAN	725	567	567	LEALES	LEALES	23	567
725	AR	ARGENTINA	ARGENTINA	ARGENTINO	v.1	23	23	TUCUMAN	TUCUMAN	725	568	568	CRUZ ALTA	CRUZ ALTA	23	568
725	AR	ARGENTINA	ARGENTINA	ARGENTINO	v.1	23	23	TUCUMAN	TUCUMAN	725	569	569	RIO CHICO	RIO CHICO	23	569
725	AR	ARGENTINA	ARGENTINA	ARGENTINO	v.1	23	23	TUCUMAN	TUCUMAN	725	570	570	CHICLIGASTA	CHICLIGASTA	23	570
725	AR	ARGENTINA	ARGENTINA	ARGENTINO	v.1	23	23	TUCUMAN	TUCUMAN	725	571	571	TAFI	TAFI	23	571
725	AR	ARGENTINA	ARGENTINA	ARGENTINO	v.1	23	23	TUCUMAN	TUCUMAN	725	572	572	GRANEROS	GRANEROS	23	572
725	AR	ARGENTINA	ARGENTINA	ARGENTINO	v.1	23	23	TUCUMAN	TUCUMAN	725	573	573	FAMAILLA	FAMAILLA	23	573
725	AR	ARGENTINA	ARGENTINA	ARGENTINO	v.1	23	23	TUCUMAN	TUCUMAN	725	574	574	CAPITAL	CAPITAL	23	574
725	AR	ARGENTINA	ARGENTINA	ARGENTINO	v.1	2226198	24	CIUDAD AUTÓNOMA DE BUENOS AIRES	CIUDAD DE BS. AS.	725						
726	AT	AUSTRIA	AUSTRIA	AUSTRÍACO	v.1											
727	AU	AUSTRALIA	AUSTRALIA	AUSTRALIANO	v.1											
728	BA	BOSNIA-HERCEGOVINA	BOSNIA-HERCEGOV.		v.1											
729	BB	BARBADOS	BARBADOS		v.1											
730	BE	BÉLGICA	BÉLGICA	BELGA	v.1											
731	BG	BULGARIA	BULGARIA	BÚLGARO	v.1											
732	BM	BERMUDA	BERMUDA		v.1											
733	BO	BOLIVIA	BOLIVIA	BOLIVIANO	v.1											
734	BR	BRASIL	BRASIL	BRASILERO	v.1	1077210	0	ESTADO DE ACRE	AC	734						
734	BR	BRASIL	BRASIL	BRASILERO	v.1	1077211	1	ESTADO DE ALAGOAS	AL	734						
734	BR	BRASIL	BRASIL	BRASILERO	v.1	1077212	2	ESETADO DE AMAPA	AP	734						
734	BR	BRASIL	BRASIL	BRASILERO	v.1	1077216	3	ESTADO DE AMAZONAS	AM	734						
734	BR	BRASIL	BRASIL	BRASILERO	v.1	1077217	4	ESTADO DE BAHIA	BA	734						
734	BR	BRASIL	BRASIL	BRASILERO	v.1	1077219	5	ESTADO DE CEARA	CE	734						
734	BR	BRASIL	BRASIL	BRASILERO	v.1	1077220	6	ESTADO DE ESPIRITU SANTO	ES	734						
734	BR	BRASIL	BRASIL	BRASILERO	v.1	1077221	7	ESTADO DE GOIAS	GO	734						
734	BR	BRASIL	BRASIL	BRASILERO	v.1	1077222	8	ESTADO DE MARANAHO	MA	734						
734	BR	BRASIL	BRASIL	BRASILERO	v.1	1077226	9	ESTADO DE MATO GROSSO	MT	734						
734	BR	BRASIL	BRASIL	BRASILERO	v.1	1077231	10	ESTADO DE MATO GROSSO DO SUL	MS	734						
734	BR	BRASIL	BRASIL	BRASILERO	v.1	1077236	11	ESTADO DE MINAS GERAIS	MG	734						
734	BR	BRASIL	BRASIL	BRASILERO	v.1	1077237	12	ESTADO DE PARA	PA	734						
734	BR	BRASIL	BRASIL	BRASILERO	v.1	1077238	13	ESTADO DE PARAIBA	PB	734						
734	BR	BRASIL	BRASIL	BRASILERO	v.1	1077240	14	ESTADO DE PARANA	PR	734						
734	BR	BRASIL	BRASIL	BRASILERO	v.1	1077241	15	ESTADO DE PERNAMBUCO	PERNAMBUCO	734						
734	BR	BRASIL	BRASIL	BRASILERO	v.1	1077242	16	ESTADO DE PIAUI	PI	734						
734	BR	BRASIL	BRASIL	BRASILERO	v.1	1077243	17	ESTADO DE RIO DE JANEIRO	RJ	734						
734	BR	BRASIL	BRASIL	BRASILERO	v.1	1077245	18	ESTADO DE RIO GRANDE DO NORTE	RN	734						
734	BR	BRASIL	BRASIL	BRASILERO	v.1	1077246	19	ESTADO DE RIO GRANDE DO SUL	RS	734						
734	BR	BRASIL	BRASIL	BRASILERO	v.1	1077253	20	ESTADO DE RONDONIA	RO	734						
734	BR	BRASIL	BRASIL	BRASILERO	v.1	1077254	21	ESTADO DE RORAIMA	RR	734						
734	BR	BRASIL	BRASIL	BRASILERO	v.1	1077255	22	ESTADO DE SANTA CATARINA	SC	734						
734	BR	BRASIL	BRASIL	BRASILERO	v.1	1077256	23	ESTADO DE SAO PAULO	SP	734						
734	BR	BRASIL	BRASIL	BRASILERO	v.1	1077257	24	ESTADO DE SERGIPE	SE	734						
734	BR	BRASIL	BRASIL	BRASILERO	v.1	1077258	25	ESTADO DE TOCANTNS	TO	734						
734	BR	BRASIL	BRASIL	BRASILERO	v.1	1077259	26	DISTRITO FEDERAL (BRASILIA)	DF	734						
735	BS	BAHAMAS	BAHAMAS		v.1											
736	BY	BIELORRUSIA	BIELORRUSIA		v.1											
737	BZ	BELICE	BELICE		v.1											
738	CA	CANADÁ	CANADÁ	CANADIENSE	v.1											
739	CH	SUIZA	SUIZA	SUIZO	v.1											
740	CL	CHILE	CHILE	CHILENO	v.1	1077260	0	TARAPACA	REGION I	740						
740	CL	CHILE	CHILE	CHILENO	v.1	1077261	1	ANTOFAGASTA	REGION II	740						
740	CL	CHILE	CHILE	CHILENO	v.1	1077262	2	ATACAMA	REGION III	740						
740	CL	CHILE	CHILE	CHILENO	v.1	1077263	3	COQUIMBO	REGION IV	740						
740	CL	CHILE	CHILE	CHILENO	v.1	1077264	4	VALPARAISO	REGION V	740						
740	CL	CHILE	CHILE	CHILENO	v.1	1077265	5	O'HIGGINS	REGION VI	740						
740	CL	CHILE	CHILE	CHILENO	v.1	1077266	6	MAULE	REGION VII	740						
740	CL	CHILE	CHILE	CHILENO	v.1	1077267	7	BIOBIO	REGION VIII	740						
740	CL	CHILE	CHILE	CHILENO	v.1	1077268	8	ARAUCANIA	REGION XIX	740						
740	CL	CHILE	CHILE	CHILENO	v.1	1077269	9	LOS LAGOS	REGION X	740						
740	CL	CHILE	CHILE	CHILENO	v.1	1077270	10	AYSEN	REGION XI	740						
740	CL	CHILE	CHILE	CHILENO	v.1	1077271	11	MAGALLANES	REGION XII	740						
740	CL	CHILE	CHILE	CHILENO	v.1	1077272	12	METROPOLITANA	REGION RM	740						
740	CL	CHILE	CHILE	CHILENO	v.1	1077273	13	LOS RIOS	REGION XIV	740						
740	CL	CHILE	CHILE	CHILENO	v.1	1077274	14	ARICA Y PARINACOTA	REGION XV	740						
741	CN	CHINA	CHINA	CHINO	v.1											
742	CO	COLOMBIA	COLOMBIA	COLOMBIANO	v.1											
743	CR	COSTA RICA	COSTA RICA	COSTARICENSE	v.1											
744	CU	CUBA	CUBA	CUBANO	v.1											
745	CZ	REPÚBLICA CHECA	REPÚBLICA CHECA		v.1											
746	DE	ALEMANIA	ALEMANIA	ALEMÁN	v.1											
747	DK	DINAMARCA	DINAMARCA	DANÉS	v.1											
748	DO	REPÚBLICA DOMINICANA	REP. DOMINICANA	DOMINICANO	v.1											
749	EC	ECUADOR	ECUADOR	ECUATORIANO	v.1											
750	ES	ESPAÑA	ESPAÑA	ESPAÑOL	v.1											
751	FI	FINLANDIA	FINLANDIA	FINLANDÉS	v.1											
752	FR	FRANCIA	FRANCIA	FRANCÉS	v.1											
753	GB	GRAN BRETAÑA (REINO UNIDO)	GRAN BRETAÑA	INGLÉS	v.1											
754	GF	GUAYANA FRANCESA	GUAYANA FRANCESA		v.1											
755	GR	GRECIA	GRECIA	GRIEGO	v.1											
756	GT	GUATEMALA	GUATEMALA	GUATEMALTECO	v.1											
757	GY	GUYANA	GUYANA		v.1											
758	HN	HONDURAS	HONDURAS	HONDUREÑO	v.1											
759	HR	CROACIA	CROACIA	CROATA	v.1											
760	HT	HAITÍ	HAITÍ	HAITIANO	v.1											
761	HU	HUNGRÍA	HUNGRÍA	HÚNGARO	v.1											
762	IE	IRLANDA	IRLANDA	IRLANDÉS	v.1											
763	IL	ISRAEL	ISRAEL	ISRAELÍ	v.1											
764	IT	ITALIA	ITALIA	ITALIANO	v.1											
765	JM	JAMAICA	JAMAICA	JAMAQUINO	v.1											
766	JP	JAPÓN	JAPÓN	JAPONÉS	v.1											
767	KP	R.DEMOCRÁTICA.POPULAR DE COREA	R.D.POP. COREA	NORCOREANO	v.1											
768	KR	REPÚBLICA DE COREA	REP. DE COREA	SURCOREANO	v.1											
769	LB	LÍBANO	LÍBANO	LIBANÉS	v.1											
770	LT	LITUANIA	LITUANIA	LITUANO	v.1											
771	LU	LUXEMBURGO	LUXEMBURGO		v.1											
772	LV	LETONIA	LETONIA		v.1											
773	LY	LIBIA	LIBIA	LIBIO	v.1											
774	MA	MARRUECOS	MARRUECOS	MARROQUÍ	v.1											
775	MC	MÓNACO	MÓNACO		v.1											
776	MK	REP. EX-YUGOSLAVA DE MACEDONIA	R.EX-YUGOSLAVA		v.1											
777	MQ	MARTINICA	MARTINICA		v.1											
778	MX	MEXICO	MEXICO	MEJICANO	v.1											
779	NG	NIGERIA	NIGERIA	NIGERIANO	v.1											
780	NI	NICARAGUA	NICARAGUA	NICARAGÜENSE	v.1											
781	NL	HOLANDA	HOLANDA	HOLANDÉS	v.1											
782	NO	NORUEGA	NORUEGA	NORUEGO	v.1											
783	NZ	NUEVA ZELANDA	NUEVA ZELANDA	NEOZELANDÉS	v.1											
784	PA	PANAMÁ	PANAMÁ	PANAMEÑO	v.1											
785	PE	PERÚ	PERÚ	PERUANO	v.1											
786	PL	POLONIA	POLONIA	POLACO	v.1											
787	PR	PUERTO RICO	PUERTO RICO	PORTORRIQUENSE	v.1											
788	PT	PORTUGAL	PORTUGAL	PORTUGUÉS	v.1											
789	PY	PARAGUAY	PARAGUAY	PARAGUAYO	v.1	1077109	2	ASUNCION	ASUNCION	789						
789	PY	PARAGUAY	PARAGUAY	PARAGUAYO	v.1	1077110	3	CONCEPCION	CONCEPCION	789						
789	PY	PARAGUAY	PARAGUAY	PARAGUAYO	v.1	1077111	4	SAN PEDRO	SAN PEDRO	789						
789	PY	PARAGUAY	PARAGUAY	PARAGUAYO	v.1	1077112	5	CORDILLERA	CORDILLERA	789						
789	PY	PARAGUAY	PARAGUAY	PARAGUAYO	v.1	1077113	6	GUAIRA	GUAIRA	789						
789	PY	PARAGUAY	PARAGUAY	PARAGUAYO	v.1	1077114	7	CAAGUAZU	CAAGUAZU	789						
789	PY	PARAGUAY	PARAGUAY	PARAGUAYO	v.1	1077115	8	CAAZAPA	CAAZAPA	789						
789	PY	PARAGUAY	PARAGUAY	PARAGUAYO	v.1	1077116	9	ITAPUA	ITAPUA	789						
789	PY	PARAGUAY	PARAGUAY	PARAGUAYO	v.1	1077117	10	MISIONES	MISIONES	789						
789	PY	PARAGUAY	PARAGUAY	PARAGUAYO	v.1	1077118	11	PARAGUARI	PARAGUARI	789						
789	PY	PARAGUAY	PARAGUAY	PARAGUAYO	v.1	1077119	12	ALTO PARANA	ALTO PARANA	789						
789	PY	PARAGUAY	PARAGUAY	PARAGUAYO	v.1	1077120	13	CENTRAL	CENTRAL	789						
789	PY	PARAGUAY	PARAGUAY	PARAGUAYO	v.1	1077121	14	ÑEEMBUCU	ÑEEMBUCU	789						
789	PY	PARAGUAY	PARAGUAY	PARAGUAYO	v.1	1077122	15	AMAMBAY	AMAMBAY	789						
789	PY	PARAGUAY	PARAGUAY	PARAGUAYO	v.1	1077123	16	CANINDEYU	CANINDEYU	789						
789	PY	PARAGUAY	PARAGUAY	PARAGUAYO	v.1	1077124	17	PRESIDENTE HAYES	PRESIDENTE HAYES	789						
789	PY	PARAGUAY	PARAGUAY	PARAGUAYO	v.1	1077125	18	ALTO PARAGUAY	ALTO PARAGUAY	789						
789	PY	PARAGUAY	PARAGUAY	PARAGUAYO	v.1	1077126	19	BOQUERON	BOQUERON	789						
790	RO	RUMANIA	RUMANIA	RUMANO	v.1											
791	SA	ARABIA SAUDÍ	ARABIA SAUDÍ	ÁRABE	v.1											
792	SE	SUECIA	SUECIA	SUECO	v.1											
793	SI	ESLOVENIA	ESLOVENIA		v.1											
794	SK	ESLOVAQUIA	ESLOVAQUIA		v.1											
795	SV	EL SALVADOR	EL SALVADOR	SALVADOREÑO	v.1											
796	SY	SIRIA, REPÚBLICA ARABE	SIRIA	SIRIO	v.1											
797	TH	TAILANDIA	TAILANDIA	TAILANDÉS	v.1											
798	TR	TURQUÍA	TURQUÍA	TURCO	v.1											
799	TT	TRINIDAD Y TOBAGO	TRINIDAD Y TOBAGO		v.1											
800	TW	TAIWAN	TAIWAN	TAIWANÉS	v.1											
801	UA	UCRANIA	UCRANIA	UCRANIANIO	v.1											
802	US	ESTADOS UNIDOS DE AMÉRICA	USA	ESTADOUNIDENSE	v.1											
803	UY	URUGUAY	URUGUAY	URUGUAYO	v.1	1077175	0	ARTIGAS	ARTIGAS	803						
803	UY	URUGUAY	URUGUAY	URUGUAYO	v.1	1077177	1	CANELONES	CANELONES	803						
803	UY	URUGUAY	URUGUAY	URUGUAYO	v.1	1077180	2	CERRO LARGO	CERRO LARGO	803						
803	UY	URUGUAY	URUGUAY	URUGUAYO	v.1	1077181	3	COLONIA	COLONIA	803						
803	UY	URUGUAY	URUGUAY	URUGUAYO	v.1	1077182	4	DURAZNO	DURAZNO	803						
803	UY	URUGUAY	URUGUAY	URUGUAYO	v.1	1077185	5	FLORES	FLORES	803						
803	UY	URUGUAY	URUGUAY	URUGUAYO	v.1	1077186	6	FLORIDA	FLORIDA	803						
803	UY	URUGUAY	URUGUAY	URUGUAYO	v.1	1077187	7	LAVALLEJA	LAVALLEJA	803						
803	UY	URUGUAY	URUGUAY	URUGUAYO	v.1	1077188	8	MALDONADO	MALDONADO	803						
803	UY	URUGUAY	URUGUAY	URUGUAYO	v.1	1077190	9	MONTEVIDEO	MONTEVIDEO	803						
803	UY	URUGUAY	URUGUAY	URUGUAYO	v.1	1077191	10	PAYSANDU	PAYSANDU	803						
803	UY	URUGUAY	URUGUAY	URUGUAYO	v.1	1077192	11	RIO NEGRO	RIO NEGRO	803						
803	UY	URUGUAY	URUGUAY	URUGUAYO	v.1	1077193	12	RIVERA	RIVERA	803						
803	UY	URUGUAY	URUGUAY	URUGUAYO	v.1	1077197	13	ROCHA	ROCHA	803						
803	UY	URUGUAY	URUGUAY	URUGUAYO	v.1	1077198	14	SALTO	SALTO	803						
803	UY	URUGUAY	URUGUAY	URUGUAYO	v.1	1077200	15	SAN JOSE	SAN JOSE	803						
803	UY	URUGUAY	URUGUAY	URUGUAYO	v.1	1077201	16	SORIANO	SORIANO	803						
803	UY	URUGUAY	URUGUAY	URUGUAYO	v.1	1077202	17	TACUAREMBO	TACUAREMBO	803						
803	UY	URUGUAY	URUGUAY	URUGUAYO	v.1	1077203	18	TREINTA Y TRES	TREINTA Y TRES	803						
804	VE	VENEZUELA	VENEZUELA	VENEZOLANO	v.1											
806	ZA	SUDÁFRICA	SUDÁFRICA	SUDAFRICANO	v.1											
2227360	AFG	AFGANISTÁN 	AFGANISTÁN 		v.1											
2227361	ALA	ISLAS GLAND 	ISLAS GLAND 		v.1											
2227362	AND	ANDORRA 	ANDORRA 		v.1											
2227363	AGO	ANGOLA 	ANGOLA 		v.1											
2227364	AIA	ANGUILLA 	ANGUILLA 		v.1											
2227365	ATA	ANTÁRTIDA 	ANTÁRTIDA 		v.1											
2227366	ATG	ANTIGUA Y BARBUDA 	ANTIGUA Y BARBUDA 		v.1											
2227367	DZA	ARGELIA 	ARGELIA 		v.1											
2227368	ABW	ARUBA 	ARUBA 		v.1											
2227369	AZE	AZERBAIYÁN 	AZERBAIYÁN 		v.1											
2227370	BHR	BAHRÉIN 	BAHRÉIN 		v.1											
2227371	BGD	BANGLADESH 	BANGLADESH 		v.1											
2227372	BEN	BENIN 	BENIN 		v.1											
2227373	BTN	BHUTÁN 	BHUTÁN 		v.1											
2227374	BWA	BOTSUANA 	BOTSUANA 		v.1											
2227375	BVT	ISLA BOUVET 	ISLA BOUVET 		v.1											
2227376	BRN	BRUNÉI 	BRUNÉI 		v.1											
2227377	BFA	BURKINA FASO 	BURKINA FASO 		v.1											
2227378	BDI	BURUNDI 	BURUNDI 		v.1											
2227379	CPV	CABO VERDE 	CABO VERDE 		v.1											
2227380	CYM	ISLAS CAIMÁN 	ISLAS CAIMÁN 		v.1											
2227381	KHM	CAMBOYA 	CAMBOYA 		v.1											
2227382	CMR	CAMERÚN 	CAMERÚN 		v.1											
2227383	CAF	REPÚBLICA CENTROAFRICANA 	REPÚBLICA CENTROAFRI		v.1											
2227384	TCD	CHAD 	CHAD 		v.1											
2227385	CYP	CHIPRE 	CHIPRE 		v.1											
2227386	CXR	ISLA DE NAVIDAD 	ISLA DE NAVIDAD 		v.1											
2227387	VAT	CIUDAD DEL VATICANO 	CIUDAD DEL VATICANO 		v.1											
2227388	CCK	ISLAS COCOS 	ISLAS COCOS 		v.1											
2227389	COM	COMORAS 	COMORAS 		v.1											
2227390	COD	REPÚBLICA DEMOCRÁTICA DEL CONGO 	REPÚBLICA DEMOCRÁTIC		v.1											
2227391	COG	CONGO 	CONGO 		v.1											
2227392	COK	ISLAS COOK 	ISLAS COOK 		v.1											
2227393	CIV	COSTA DE MARFIL 	COSTA DE MARFIL 		v.1											
2227394	DMA	DOMINICA 	DOMINICA 		v.1											
2227395	EGY	EGIPTO 	EGIPTO 		v.1											
2227396	ERI	ERITREA 	ERITREA 		v.1											
2227397	UMI	ISLAS ULTRAMARINAS DE ESTADOS UNIDOS 	ISLAS ULTRAMARINAS D		v.1											
2227398	EST	ESTONIA 	ESTONIA 		v.1											
2227399	ETH	ETIOPÍA 	ETIOPÍA 		v.1											
2227400	FRO	ISLAS FEROE 	ISLAS FEROE 		v.1											
2227401	PHL	FILIPINAS 	FILIPINAS 		v.1											
2227402	FJI	FIYI 	FIYI 		v.1											
2227403	GAB	GABÓN 	GABÓN 		v.1											
2227404	GMB	GAMBIA 	GAMBIA 		v.1											
2227405	GEO	GEORGIA 	GEORGIA 		v.1											
2227406	SGS	ISLAS GEORGIAS DEL SUR Y SANDWICH DEL SUR 	ISLAS GEORGIAS DEL S		v.1											
2227407	GHA	GHANA 	GHANA 		v.1											
2227408	GIB	GIBRALTAR 	GIBRALTAR 		v.1											
2227409	GRD	GRANADA 	GRANADA 		v.1											
2227410	GRL	GROENLANDIA 	GROENLANDIA 		v.1											
2227411	GLP	GUADALUPE 	GUADALUPE 		v.1											
2227412	GUM	GUAM 	GUAM 		v.1											
2227413	GIN	GUINEA 	GUINEA 		v.1											
2227414	GNQ	GUINEA ECUATORIAL 	GUINEA ECUATORIAL 		v.1											
2227415	GNB	GUINEA-BISSAU 	GUINEA-BISSAU 		v.1											
2227416	HMD	ISLAS HEARD Y MCDONALD 	ISLAS HEARD Y MCDONA		v.1											
2227417	HKG	HONG KONG 	HONG KONG 		v.1											
2227418	IND	INDIA 	INDIA 		v.1											
2227419	IDN	INDONESIA 	INDONESIA 		v.1											
2227420	IRN	IRÁN 	IRÁN 		v.1											
2227421	IRQ	IRAQ 	IRAQ 		v.1											
2227422	ISL	ISLANDIA 	ISLANDIA 		v.1											
2227423	JOR	JORDANIA 	JORDANIA 		v.1											
2227424	KAZ	KAZAJSTÁN 	KAZAJSTÁN 		v.1											
2227425	KEN	KENIA 	KENIA 		v.1											
2227426	KGZ	KIRGUISTÁN 	KIRGUISTÁN 		v.1											
2227427	KIR	KIRIBATI 	KIRIBATI 		v.1											
2227428	KWT	KUWAIT 	KUWAIT 		v.1											
2227429	LAO	LAOS 	LAOS 		v.1											
2227430	LSO	LESOTHO 	LESOTHO 		v.1											
2227431	LBR	LIBERIA 	LIBERIA 		v.1											
2227432	LIE	LIECHTENSTEIN 	LIECHTENSTEIN 		v.1											
2227433	MAC	MACAO 	MACAO 		v.1											
2227434	MDG	MADAGASCAR 	MADAGASCAR 		v.1											
2227435	MYS	MALASIA 	MALASIA 		v.1											
2227436	MWI	MALAWI 	MALAWI 		v.1											
2227437	MDV	MALDIVAS 	MALDIVAS 		v.1											
2227438	MLI	MALÍ 	MALÍ 		v.1											
2227439	MLT	MALTA 	MALTA 		v.1											
2227440	FLK	ISLAS MALVINAS 	ISLAS MALVINAS 		v.1											
2227441	MNP	ISLAS MARIANAS DEL NORTE 	ISLAS MARIANAS DEL N		v.1											
2227442	MHL	ISLAS MARSHALL 	ISLAS MARSHALL 		v.1											
2227443	MUS	MAURICIO 	MAURICIO 		v.1											
2227444	MRT	MAURITANIA 	MAURITANIA 		v.1											
2227445	MYT	MAYOTTE 	MAYOTTE 		v.1											
2227446	FSM	MICRONESIA 	MICRONESIA 		v.1											
2227447	MDA	MOLDAVIA 	MOLDAVIA 		v.1											
2227448	MNG	MONGOLIA 	MONGOLIA 		v.1											
2227449	MSR	MONTSERRAT 	MONTSERRAT 		v.1											
2227450	MOZ	MOZAMBIQUE 	MOZAMBIQUE 		v.1											
2227451	MMR	MYANMAR 	MYANMAR 		v.1											
2227452	NAM	NAMIBIA 	NAMIBIA 		v.1											
2227453	NRU	NAURU 	NAURU 		v.1											
2227454	NPL	NEPAL 	NEPAL 		v.1											
2227455	NER	NÍGER 	NÍGER 		v.1											
2227456	NIU	NIUE 	NIUE 		v.1											
2227457	NFK	ISLA NORFOLK 	ISLA NORFOLK 		v.1											
2227458	NCL	NUEVA CALEDONIA 	NUEVA CALEDONIA 		v.1											
2227459	OMN	OMÁN 	OMÁN 		v.1											
2227460	PAK	PAKISTÁN 	PAKISTÁN 		v.1											
2227461	PLW	PALAU 	PALAU 		v.1											
2227462	PSE	PALESTINA 	PALESTINA 		v.1											
2227463	PNG	PAPÚA NUEVA GUINEA 	PAPÚA NUEVA GUINEA 		v.1											
2227464	PCN	ISLAS PITCAIRN 	ISLAS PITCAIRN 		v.1											
2227465	PYF	POLINESIA FRANCESA 	POLINESIA FRANCESA 		v.1											
2227466	QAT	QATAR 	QATAR 		v.1											
2227467	REU	REUNIÓN 	REUNIÓN 		v.1											
2227468	RWA	RUANDA 	RUANDA 		v.1											
2227469	RUS	RUSIA 	RUSIA 		v.1											
2227470	ESH	SAHARA OCCIDENTAL 	SAHARA OCCIDENTAL 		v.1											
2227471	SLB	ISLAS SALOMÓN 	ISLAS SALOMÓN 		v.1											
2227472	WSM	SAMOA 	SAMOA 		v.1											
2227473	ASM	SAMOA AMERICANA 	SAMOA AMERICANA 		v.1											
2227474	KNA	SAN CRISTÓBAL Y NEVIS 	SAN CRISTÓBAL Y NEVI		v.1											
2227475	SMR	SAN MARINO 	SAN MARINO 		v.1											
2227476	SPM	SAN PEDRO Y MIQUELÓN 	SAN PEDRO Y MIQUELÓN		v.1											
2227477	VCT	SAN VICENTE Y LAS GRANADINAS 	SAN VICENTE Y LAS GR		v.1											
2227478	SHN	SANTA HELENA 	SANTA HELENA 		v.1											
2227479	LCA	SANTA LUCÍA 	SANTA LUCÍA 		v.1											
2227480	STP	SANTO TOMÉ Y PRÍNCIPE 	SANTO TOMÉ Y PRÍNCIP		v.1											
2227481	SEN	SENEGAL 	SENEGAL 		v.1											
2227482	SCG	SERBIA Y MONTENEGRO 	SERBIA Y MONTENEGRO 		v.1											
2227483	SYC	SEYCHELLES 	SEYCHELLES 		v.1											
2227484	SLE	SIERRA LEONA 	SIERRA LEONA 		v.1											
2227485	SGP	SINGAPUR 	SINGAPUR 		v.1											
2227486	SOM	SOMALIA 	SOMALIA 		v.1											
2227487	LKA	SRI LANKA 	SRI LANKA 		v.1											
2227488	SWZ	SUAZILANDIA 	SUAZILANDIA 		v.1											
2227489	SDN	SUDÁN 	SUDÁN 		v.1											
2227490	SUR	SURINAM 	SURINAM 		v.1											
2227491	SJM	SVALBARD Y JAN MAYEN 	SVALBARD Y JAN MAYEN		v.1											
2227492	TZA	TANZANIA 	TANZANIA 		v.1											
2227493	TJK	TAYIKISTÁN 	TAYIKISTÁN 		v.1											
2227494	IOT	TERRITORIO BRITÁNICO DEL OCÉANO ÍNDICO 	TERRITORIO BRITÁNICO		v.1											
2227495	ATF	TERRITORIOS AUSTRALES FRANCESES 	TERRITORIOS AUSTRALE		v.1											
2227496	TLS	TIMOR ORIENTAL 	TIMOR ORIENTAL 		v.1											
2227497	TGO	TOGO 	TOGO 		v.1											
2227498	TKL	TOKELAU 	TOKELAU 		v.1											
2227499	TON	TONGA 	TONGA 		v.1											
2227500	TUN	TÚNEZ 	TÚNEZ 		v.1											
2227501	TCA	ISLAS TURCAS Y CAICOS 	ISLAS TURCAS Y CAICO		v.1											
2227502	TKM	TURKMENISTÁN 	TURKMENISTÁN 		v.1											
2227503	TUV	TUVALU 	TUVALU 		v.1											
2227504	UGA	UGANDA 	UGANDA 		v.1											
2227505	UZB	UZBEKISTÁN 	UZBEKISTÁN 		v.1											
2227506	VUT	VANUATU 	VANUATU 		v.1											
2227507	VNM	VIETNAM 	VIETNAM 		v.1											
2227508	VGB	ISLAS VÍRGENES BRITÁNICAS 	ISLAS VÍRGENES BRITÁ		v.1											
2227509	VIR	ISLAS VÍRGENES DE LOS ESTADOS UNIDOS 	ISLAS VÍRGENES DE LO		v.1											
2227510	WLF	WALLIS Y FUTUNA 	WALLIS Y FUTUNA 		v.1											
2227511	YEM	YEMEN 	YEMEN 		v.1											
2227512	DJI	YIBUTI 	YIBUTI 		v.1											
2227513	ZMB	ZAMBIA 	ZAMBIA 		v.1											
2227514	ZWE	ZIMBABUE 	ZIMBABUE 		v.1											
